RANK,NAME,TEAM,CUR,POS,AGE,GP,MpG,USG%,TO%,FTA,FT%,2PA,2P%,3PA,3P%,eFG%,TS%,PpG,RpG,ApG,SpG,BpG,TOpG,P+R,P+A,P+R+A,VI,ORtg,DRtg
,Jabari Smith Jr.,Hou,*,F,22.5,10,32.0,17.9,7.7,23,0.826,65,0.538,55,0.364,0.542,0.573,14.9,6.0,1.8,0.8,0.8,1.0,20.9,16.7,22.7,6.8,126.4,109.8
,Alperen Sengun,Hou,*,C,23.3,11,36.1,24.7,17.0,78,0.731,134,0.515,37,0.459,0.553,0.599,22.4,10.2,7.4,1.4,0.9,3.2,32.5,29.7,39.9,13.2,128.0,106.2
,Steven Adams,Hou,*,C,32.3,10,21.2,11.6,19.5,21,0.762,41,0.585,0,0.0,0.585,0.637,6.4,9.0,1.6,0.8,0.8,1.0,15.4,8.0,17.0,8.5,143.4,104.9
,Kevin Durant,Hou,*,F,37.1,11,35.3,26.2,14.5,82,0.878,135,0.533,47,0.426,0.56,0.633,25.1,4.6,3.2,1.1,0.6,2.8,29.7,28.3,32.9,8.1,126.2,110.0
,Amen Thompson,Hou,*,G-F,22.8,11,35.2,21.6,14.2,50,0.74,129,0.543,28,0.214,0.503,0.545,17.7,5.7,5.5,1.4,0.5,2.4,23.5,23.2,28.9,9.3,121.3,111.9
,Tari Eason,Hou,*,F,24.5,11,23.2,18.8,16.6,7,0.714,42,0.476,53,0.509,0.637,0.642,11.5,5.2,1.6,0.8,0.5,1.7,16.6,13.1,18.3,7.9,122.1,109.4
,Reed Sheppard,Hou,*,G,21.4,11,22.4,20.1,12.7,7,0.571,38,0.5,65,0.477,0.636,0.636,12.3,2.3,3.2,1.6,0.4,1.4,14.5,15.5,17.7,8.0,129.3,108.6
,Clint Capela,Hou,*,C,31.5,11,9.9,12.6,13.6,10,0.8,25,0.64,0,0.0,0.64,0.68,3.6,4.5,0.4,0.3,0.5,0.4,8.1,4.0,8.5,7.5,150.9,105.0
,Josh Okogie,Hou,*,G,27.2,11,22.7,12.9,9.9,20,0.85,28,0.536,35,0.457,0.619,0.662,8.6,2.3,1.3,1.5,0.2,0.6,10.9,9.9,12.2,5.2,141.1,108.3
,Luguentz Dort,Okc,*,G,26.6,8,30.6,12.0,9.3,10,0.9,20,0.5,38,0.211,0.379,0.425,6.6,4.9,1.5,0.9,0.1,0.8,11.5,8.1,13.0,4.8,101.7,101.8
,Chet Holmgren,Okc,*,C-F,23.5,10,29.6,23.2,15.1,47,0.872,77,0.675,41,0.39,0.644,0.696,19.3,8.2,1.8,0.7,1.3,2.1,27.5,21.1,29.3,8.9,127.1,93.1
,Isaiah Hartenstein,Okc,*,C-F,27.5,14,28.6,16.9,20.9,33,0.667,110,0.709,3,0.0,0.69,0.698,12.7,11.2,3.1,1.3,0.6,2.1,23.9,15.8,27.0,10.6,132.2,93.1
,Cason Wallace,Okc,*,G,22.0,13,29.1,13.0,12.7,11,0.909,41,0.463,55,0.382,0.526,0.55,8.5,3.2,2.8,2.3,0.3,1.1,11.7,11.3,14.5,5.8,113.8,99.8
,Shai Gilgeous-Alexander,Okc,*,G,27.3,14,33.6,34.0,7.2,126,0.897,211,0.592,83,0.373,0.583,0.652,32.6,5.1,6.6,1.4,0.9,1.6,37.6,39.2,44.3,12.3,134.6,103.4
,Jaylin Williams,Okc,*,F,23.4,13,19.0,14.6,12.3,7,0.714,8,0.875,63,0.27,0.458,0.472,5.4,4.8,2.4,0.6,0.6,0.8,10.2,7.8,12.5,8.3,105.4,97.8
,Aaron Wiggins,Okc,*,G,26.9,9,27.6,21.4,7.5,9,0.667,51,0.51,60,0.417,0.572,0.578,14.8,3.7,2.2,0.4,0.8,1.0,18.4,17.0,20.7,7.2,115.9,103.2
,Alex Caruso,Okc,*,G,31.7,10,18.3,14.9,14.7,6,0.833,17,0.412,35,0.371,0.51,0.531,5.8,2.1,2.4,1.9,0.3,0.9,7.9,8.2,10.3,6.7,107.8,102.4
,Brooks Barnhizer,Okc,*,G,23.7,12,8.0,7.1,7.0,4,0.5,12,0.5,1,0.0,0.462,0.474,1.2,2.1,0.3,0.2,0.2,0.1,3.3,1.4,3.5,4.6,116.6,97.8
,Ajay Mitchell,Okc,*,G,23.4,14,28.3,25.3,11.8,50,0.92,133,0.504,53,0.34,0.505,0.563,16.7,4.0,3.9,1.8,0.3,1.8,20.7,20.6,24.6,9.0,113.9,99.2
,Chris Youngblood,Okc,*,G,23.8,12,5.3,11.3,0.0,6,1.0,1,0.0,13,0.231,0.321,0.451,1.3,0.5,0.2,0.1,0.0,0.0,1.8,1.4,1.9,3.8,112.5,95.6
,Jimmy Butler,Gol,*,F,36.2,13,30.8,22.0,9.8,98,0.857,116,0.534,31,0.452,0.565,0.657,19.2,5.6,4.4,1.5,0.3,1.2,24.8,23.6,29.2,10.1,140.8,112.9
,Jonathan Kuminga,Gol,*,F,23.1,13,27.7,22.8,20.4,48,0.771,99,0.535,37,0.324,0.522,0.57,13.8,6.6,2.8,0.4,0.3,2.7,20.4,16.6,23.2,9.2,105.8,109.8
,Draymond Green,Gol,*,F,35.7,13,28.4,15.8,30.9,17,0.588,35,0.457,54,0.352,0.5,0.513,7.6,5.5,5.7,0.7,0.7,3.1,13.2,13.3,18.8,8.7,97.4,103.0
,Brandin Podziemski,Gol,*,G,22.7,14,28.6,17.2,12.7,28,0.75,64,0.5,66,0.379,0.535,0.562,11.4,4.6,3.1,1.4,0.4,1.4,16.1,14.6,19.2,7.6,111.4,107.3
,Stephen Curry,Gol,*,G,37.7,11,30.8,34.6,11.5,70,0.943,88,0.591,128,0.391,0.588,0.648,29.1,3.5,3.7,1.5,0.5,2.5,32.6,32.8,36.4,9.4,120.4,109.5
,Buddy Hield,Gol,*,G,32.9,14,16.6,18.1,15.0,13,0.923,29,0.621,50,0.3,0.513,0.549,6.6,1.6,1.6,0.7,0.0,1.0,8.2,8.2,9.8,6.2,105.2,110.2
,Gary Payton II,Gol,*,G,33.0,13,9.7,14.3,19.0,0,0.0,19,0.632,15,0.2,0.485,0.485,2.5,2.6,1.2,0.6,0.2,0.6,5.2,3.7,6.3,8.2,106.0,104.0
,Al Horford,Gol,*,C-F,39.5,9,21.8,14.6,17.9,0,0.0,17,0.353,38,0.316,0.436,0.436,5.3,4.1,1.3,0.7,1.1,1.3,9.4,6.7,10.8,5.6,87.1,108.5
,Gui Santos,Gol,*,F,23.4,11,6.6,14.1,21.5,2,0.5,5,0.8,13,0.308,0.556,0.556,1.9,1.5,0.2,0.4,0.0,0.5,3.4,2.1,3.5,5.0,104.6,97.4
,Will Richard,Gol,*,G,22.9,12,17.9,16.9,10.6,23,0.783,28,0.786,39,0.436,0.709,0.733,9.4,2.1,1.3,1.2,0.1,0.7,11.5,10.8,12.8,6.6,139.4,104.0
,Quinten Post,Gol,*,C,25.7,14,14.6,15.7,12.3,5,0.8,19,0.632,45,0.378,0.586,0.597,5.6,3.6,0.9,0.4,0.6,0.6,9.2,6.6,10.1,7.2,115.2,107.6
,Austin Reaves,Lal,*,G,27.5,11,36.3,30.2,15.8,105,0.867,106,0.613,91,0.33,0.558,0.639,28.3,5.1,8.2,1.4,0.1,3.4,33.4,36.5,41.5,11.7,126.1,111.2
,Rui Hachimura,Lal,*,F,27.8,13,34.6,15.9,10.4,30,0.733,85,0.624,52,0.5,0.672,0.686,15.8,3.8,1.2,0.7,0.2,1.2,19.6,17.1,20.8,4.8,126.3,114.5
,Deandre Ayton,Lal,*,C,27.3,13,30.4,20.5,19.6,21,0.619,143,0.692,0,0.0,0.692,0.693,16.2,8.4,0.9,0.7,0.9,2.7,24.6,17.2,25.5,6.5,117.4,106.0
,Gabe Vincent,Lal,*,G,29.4,3,23.9,9.8,13.0,3,1.0,3,0.333,10,0.2,0.308,0.384,3.7,1.0,2.3,1.0,0.0,0.7,4.7,6.0,7.0,3.4,96.1,110.7
,Luka Doncic,Lal,*,F-G,26.7,10,37.1,36.8,14.0,122,0.787,116,0.603,110,0.327,0.549,0.615,34.4,8.9,8.9,1.7,0.6,3.7,43.3,43.3,52.2,15.1,123.2,108.0
,Marcus Smart,Lal,*,G,31.7,11,29.2,17.1,22.9,32,0.938,35,0.657,52,0.231,0.471,0.554,10.2,2.4,3.4,2.1,0.2,2.4,12.5,13.5,15.9,6.0,104.0,107.4
,Jake LaRavia,Lal,*,F,24.0,14,28.8,15.3,14.1,36,0.667,64,0.578,45,0.333,0.546,0.573,10.2,4.5,2.4,1.5,0.3,1.3,14.7,12.6,17.1,6.7,116.3,108.5
,Jaxson Hayes,Lal,*,C-F,25.5,11,16.8,10.7,14.5,11,0.636,34,0.676,1,1.0,0.7,0.703,5.1,4.2,1.2,0.4,0.5,0.5,9.3,6.3,10.5,7.0,139.9,107.8
,Jarred Vanderbilt,Lal,*,F,26.6,14,18.4,13.5,30.4,19,0.842,36,0.5,14,0.286,0.48,0.548,4.6,5.6,1.5,1.0,0.4,1.6,10.1,6.1,11.6,7.3,102.8,103.0
,Evan Mobley,Cle,*,C,24.4,13,34.1,23.3,14.4,78,0.628,126,0.524,64,0.359,0.529,0.557,19.2,9.0,4.2,1.3,1.6,2.5,28.2,23.4,32.4,10.5,114.1,109.4
,Jaylon Tyson,Cle,*,G-F,23.0,11,25.8,15.2,10.9,13,0.769,38,0.526,52,0.462,0.622,0.637,11.1,4.0,1.8,1.3,0.8,1.0,15.1,12.9,16.9,6.7,125.5,102.9
,Jarrett Allen,Cle,*,C,27.6,12,25.9,21.6,13.5,60,0.75,117,0.607,4,0.0,0.587,0.634,15.6,7.8,1.8,1.2,0.9,1.6,23.3,17.3,25.1,9.3,125.2,109.4
,Sam Merrill,Cle,*,G,29.5,11,25.8,17.4,7.8,16,0.938,16,0.563,90,0.422,0.623,0.65,13.4,1.8,2.5,0.5,0.2,0.8,15.2,15.8,17.6,6.1,131.0,109.4
,Donovan Mitchell,Cle,*,G,29.2,12,33.9,32.0,14.1,90,0.833,117,0.624,126,0.381,0.597,0.646,30.4,4.6,5.4,1.5,0.5,3.3,35.0,35.8,40.4,10.7,122.1,111.9
,Dean Wade,Cle,*,F-C,29.0,13,21.8,10.5,5.8,12,0.75,17,0.529,48,0.313,0.485,0.512,5.5,3.4,1.3,0.7,0.5,0.3,8.9,6.8,10.2,5.3,118.4,110.7
,Lonzo Ball,Cle,*,G,28.1,11,23.0,15.1,28.5,8,0.75,12,0.417,53,0.34,0.492,0.511,6.4,4.0,5.4,1.0,0.2,2.4,10.4,11.7,15.7,9.0,105.8,110.1
,Craig Porter,Cle,*,G,25.7,14,17.1,13.0,16.6,12,0.5,35,0.543,25,0.44,0.592,0.59,5.5,2.9,2.6,1.0,0.6,0.9,8.4,8.1,11.1,8.1,126.4,112.0
,Larry Nance Jr.,Cle,*,F-C,32.9,12,15.1,14.1,14.5,3,0.333,27,0.407,26,0.269,0.406,0.405,3.7,3.2,1.3,0.5,0.2,0.8,6.8,5.0,8.2,6.6,92.3,97.7
,Tyrese Proctor,Cle,*,G,21.6,12,11.9,20.1,8.8,7,0.857,21,0.429,41,0.293,0.435,0.461,5.0,1.0,1.2,0.3,0.0,0.5,6.0,6.2,7.2,6.1,99.0,105.9
,O.G. Anunoby,Nyk,*,F-G,28.3,12,31.1,19.7,13.0,25,0.76,68,0.574,79,0.392,0.582,0.601,15.8,5.6,2.2,1.9,0.7,1.8,21.4,18.0,23.6,7.5,117.7,109.2
,Karl-Anthony Towns,Nyk,*,C-F,30.0,12,33.1,26.1,13.7,79,0.899,120,0.492,69,0.348,0.503,0.583,21.8,12.5,3.3,1.0,0.9,2.5,34.3,25.1,37.6,11.7,122.0,102.9
,Ariel Hukporti,Nyk,*,C,23.6,8,7.0,9.5,38.5,0,0.0,8,0.5,0,0.0,0.5,0.5,1.0,2.1,0.6,0.1,0.3,0.6,3.1,1.6,3.8,6.2,100.6,101.2
,Mikal Bridges,Nyk,*,G-F,29.2,12,34.7,16.1,7.1,20,0.85,72,0.556,72,0.417,0.59,0.612,15.6,4.5,4.9,2.0,0.9,0.9,20.1,20.5,25.0,8.1,135.9,111.8
,Jalen Brunson,Nyk,*,G,29.2,11,34.0,31.9,11.6,73,0.863,145,0.524,84,0.369,0.535,0.59,28.0,3.5,6.5,0.8,0.0,2.7,31.5,34.5,38.1,10.1,122.5,112.5
,Guerschon Yabusele,Nyk,*,F,29.9,11,9.7,13.7,6.0,6,0.5,9,0.333,22,0.318,0.435,0.446,2.7,2.5,0.4,0.2,0.1,0.2,5.2,3.1,5.5,5.7,113.6,106.4
,Miles McBride,Nyk,*,G,25.2,10,22.8,15.8,9.5,9,0.667,26,0.423,50,0.38,0.52,0.532,8.5,2.5,2.7,0.9,0.1,0.8,11.0,11.2,13.7,6.8,119.1,113.3
,Trey Jemison,Nyk,*,C,26.0,1,7.7,0.0,0.0,0,0.0,0,0.0,0,0.0,0.0,0.0,0.0,2.0,0.0,0.0,0.0,0.0,2.0,0.0,2.0,0.0,0.0,121.8
,Landry Shamet,Nyk,*,G,28.7,12,20.7,15.3,7.3,25,0.84,20,0.6,56,0.446,0.651,0.69,10.0,2.0,0.9,0.4,0.1,0.5,12.0,10.9,12.9,5.1,139.1,115.2
,Jordan Clarkson,Nyk,*,G,33.4,12,17.3,22.2,10.6,22,0.864,43,0.558,49,0.388,0.571,0.61,10.3,1.8,1.6,0.3,0.2,0.9,12.1,11.9,13.7,7.2,124.5,110.1
,Tyler Kolek,Nyk,*,G,24.6,10,6.7,18.4,20.0,0,0.0,11,0.636,13,0.231,0.479,0.479,2.3,0.5,1.3,0.1,0.0,0.6,2.8,3.6,4.1,6.8,101.7,107.8
,Terance Mann,Bro,*,G-F,29.1,12,26.9,14.3,8.8,17,0.824,58,0.569,35,0.371,0.565,0.592,9.9,2.8,3.2,0.9,0.3,0.8,12.7,13.1,15.8,6.6,129.2,117.8
,Michael Porter Jr.,Bro,*,F,27.4,11,32.4,29.2,11.5,45,0.844,102,0.569,98,0.347,0.545,0.582,23.3,7.7,3.0,0.7,0.2,2.4,31.0,26.3,34.0,10.0,112.6,118.9
,Nic Claxton,Bro,*,C,26.6,12,29.3,18.8,11.4,57,0.702,110,0.636,6,0.0,0.603,0.638,15.0,6.9,3.7,0.9,1.2,1.3,21.9,18.7,25.6,9.9,135.2,118.3
,Cam Thomas,Bro,*,G,24.1,8,28.3,32.2,10.8,55,0.873,87,0.425,45,0.356,0.462,0.544,21.3,1.4,2.6,0.5,0.1,2.0,22.6,23.9,25.3,6.0,109.1,125.4
,Ben Saraf,Bro,*,G,19.6,7,13.8,17.3,24.8,8,0.75,14,0.286,13,0.231,0.315,0.377,3.3,1.9,2.4,0.3,0.0,1.3,5.1,5.7,7.6,7.2,85.3,115.4
,Ziaire Williams,Bro,*,F,24.2,10,22.1,18.4,9.2,21,0.81,21,0.619,58,0.31,0.506,0.55,9.7,2.4,0.5,1.0,0.4,0.8,12.1,10.2,12.6,4.1,109.4,117.5
,Egor Demin,Bro,*,G,19.7,11,20.6,17.0,19.5,9,0.889,17,0.412,53,0.358,0.507,0.534,7.2,3.2,3.2,0.8,0.2,1.5,10.4,10.4,13.5,8.1,105.3,119.1
,Day'Ron Sharpe,Bro,*,C,24.0,11,15.7,18.1,34.8,25,0.64,31,0.742,10,0.3,0.671,0.683,6.5,5.3,1.8,0.9,0.5,2.0,11.7,8.3,13.5,10.1,116.0,108.4
,Noah Clowney,Bro,*,F-C,21.3,12,24.7,18.5,17.8,40,0.825,24,0.5,68,0.265,0.424,0.506,9.3,3.9,1.8,0.6,0.3,1.7,13.2,11.1,15.0,6.5,100.7,120.5
,Tyrese Martin,Bro,*,F,26.7,12,20.7,17.1,12.3,8,0.625,34,0.412,51,0.275,0.412,0.424,6.3,3.3,2.3,0.5,0.1,1.0,9.5,8.6,11.8,7.0,96.2,124.7
,Jalen Wilson,Bro,*,F,25.0,10,17.1,16.3,13.3,13,0.769,17,0.294,35,0.429,0.529,0.563,6.5,1.1,0.7,0.2,0.0,0.8,7.6,7.2,8.3,4.0,105.5,122.8
,Drake Powell,Bro,*,G-F,20.2,6,17.5,14.8,22.0,2,1.0,18,0.556,10,0.5,0.625,0.641,6.2,2.0,2.0,0.8,0.2,1.3,8.2,8.2,10.2,6.7,111.6,117.9
,Nolan Traore,Bro,*,G,19.5,3,11.0,15.2,17.8,2,0.5,3,0.0,6,0.333,0.333,0.354,2.3,0.3,1.3,0.7,0.0,0.7,2.7,3.7,4.0,3.5,78.9,113.9
,Kon Knueppel,Cha,*,G-F,20.3,13,32.7,21.1,15.9,32,0.875,67,0.537,102,0.402,0.577,0.609,17.2,5.9,2.8,0.7,0.2,2.5,23.1,20.0,25.9,8.0,112.8,114.9
,Miles Bridges,Cha,*,F,27.7,13,35.0,24.6,7.8,62,0.903,105,0.486,118,0.364,0.518,0.573,22.1,6.9,4.0,0.5,0.4,1.5,29.0,26.1,33.0,9.7,122.7,116.7
,Ryan Kalkbrenner,Cha,*,C,23.8,12,26.5,12.2,23.2,17,0.824,65,0.831,1,0.0,0.818,0.83,10.2,6.8,0.4,1.0,2.3,1.7,17.0,10.6,17.4,4.6,138.7,112.9
,Brandon Miller,Cha,*,F,23.0,2,19.9,34.0,10.6,10,0.7,14,0.571,11,0.182,0.44,0.493,14.5,0.0,4.0,0.0,0.5,1.5,14.5,18.5,18.5,0.0,107.0,114.2
,LaMelo Ball,Cha,*,G,24.2,7,32.5,30.6,15.6,32,0.813,63,0.508,66,0.333,0.504,0.545,22.3,7.1,9.9,1.6,0.1,3.4,29.4,32.1,39.3,14.3,117.4,109.0
,Collin Sexton,Cha,*,G,26.9,12,26.2,24.5,22.3,54,0.852,81,0.506,44,0.432,0.556,0.622,15.4,2.3,5.0,0.8,0.0,3.0,17.8,20.4,22.8,8.6,115.4,114.1
,Sion James,Cha,*,G,23.0,13,26.9,11.0,14.2,19,0.842,31,0.484,41,0.488,0.625,0.66,8.2,3.0,1.5,0.8,0.3,0.9,11.2,9.6,12.6,5.0,124.8,117.1
,Moussa Diabate,Cha,*,F,23.8,13,23.0,14.9,11.7,51,0.706,75,0.667,0,0.0,0.667,0.698,10.5,8.0,1.0,0.7,1.3,0.8,18.5,11.5,19.5,7.6,149.2,109.8
,Tidjane Salaun,Cha,*,F,20.3,7,11.9,12.3,13.5,6,0.667,7,0.429,12,0.333,0.474,0.508,3.1,3.6,0.7,0.3,0.1,0.4,6.7,3.9,7.4,6.7,112.1,110.1
,Tre Mann,Cha,*,G,24.8,13,22.7,25.1,15.7,13,0.923,74,0.405,71,0.31,0.434,0.458,10.6,3.3,3.3,0.6,0.2,2.1,13.9,13.9,17.2,8.6,96.0,112.4
,Andrew Wiggins,Mia,*,F,30.7,13,32.9,21.1,14.1,35,0.657,111,0.586,66,0.379,0.579,0.593,17.5,4.9,2.8,1.2,0.9,2.2,22.5,20.4,25.3,7.6,111.0,112.5
,Nikola Jovic,Mia,*,F,22.4,13,21.8,19.5,20.8,35,0.743,48,0.521,47,0.298,0.484,0.534,9.1,4.6,3.2,0.7,0.5,1.9,13.7,12.3,16.9,9.4,103.6,105.6
,Bam Adebayo,Mia,*,C-F,28.3,8,30.4,26.2,11.4,36,0.861,77,0.519,47,0.34,0.516,0.569,19.9,8.1,2.9,1.0,0.3,2.0,28.0,22.8,30.9,10.2,110.1,110.4
,Norman Powell,Mia,*,G,32.5,10,31.3,28.5,11.8,73,0.932,91,0.484,73,0.479,0.588,0.665,26.1,4.1,2.3,1.2,0.2,2.2,30.2,28.4,32.5,8.0,122.3,111.9
,Davion Mitchell,Mia,*,G,27.2,13,30.6,13.9,17.3,20,0.55,66,0.561,39,0.385,0.567,0.571,10.0,2.8,7.6,1.5,0.1,1.7,12.8,17.6,20.5,7.8,121.6,110.4
,Jaime Jaquez Jr.,Mia,*,G,24.7,13,30.2,22.4,11.5,54,0.778,144,0.59,25,0.2,0.547,0.589,17.5,7.3,5.2,0.7,0.3,1.7,24.8,22.7,30.0,11.6,121.7,110.3
,Kel'el Ware,Mia,*,C,21.6,13,24.0,16.8,11.0,23,0.783,70,0.6,35,0.371,0.586,0.612,10.8,9.2,0.7,1.0,1.4,1.0,20.1,11.5,20.8,6.9,124.2,105.5
,Simone Fontecchio,Mia,*,F,29.9,13,18.9,19.5,11.1,21,0.857,29,0.517,67,0.493,0.672,0.698,11.3,2.5,1.0,0.5,0.2,0.9,13.8,12.3,14.8,6.4,125.1,108.8
,Dru Smith,Mia,*,G,27.9,13,16.7,14.9,16.1,12,0.833,35,0.571,27,0.333,0.54,0.572,5.9,1.9,3.3,1.5,0.2,0.9,7.8,9.2,11.2,8.0,122.6,108.0
,Pelle Larsson,Mia,*,G,24.7,13,21.5,16.2,15.1,27,0.815,44,0.705,40,0.375,0.637,0.673,9.9,2.4,2.7,0.5,0.2,1.2,12.3,12.6,15.0,7.4,125.6,112.4
,Franz Wagner,Orl,*,F,24.2,13,35.3,25.2,11.4,92,0.837,147,0.517,62,0.355,0.522,0.591,22.7,6.4,3.8,1.1,0.5,2.1,29.1,26.5,32.9,9.3,122.6,108.8
,Paolo Banchero,Orl,*,F,23.0,12,32.8,27.5,15.2,111,0.766,134,0.53,44,0.25,0.492,0.573,21.7,8.7,4.1,0.8,0.9,2.7,30.3,25.8,34.4,11.2,114.6,106.0
,Wendell Carter Jr.,Orl,*,C-F,26.6,13,29.3,16.3,22.6,47,0.787,63,0.587,36,0.444,0.616,0.664,12.2,7.5,1.8,0.6,0.7,2.2,19.7,14.0,21.5,7.5,122.9,102.3
,Desmond Bane,Orl,*,G,27.4,13,31.6,22.6,14.6,38,0.895,115,0.496,60,0.317,0.489,0.535,15.8,4.3,4.5,0.4,0.3,2.3,20.1,20.2,24.5,8.5,109.3,106.8
,Jalen Suggs,Orl,*,G,24.5,10,22.1,22.7,27.7,26,0.885,33,0.727,45,0.4,0.654,0.699,12.5,3.9,4.4,1.6,0.3,3.0,16.4,16.9,20.8,10.8,117.2,97.0
,Tyus Jones,Orl,*,G,29.5,13,12.5,9.3,13.9,0,0.0,14,0.5,17,0.118,0.323,0.323,1.5,0.8,1.4,0.7,0.2,0.4,2.4,2.9,3.8,3.8,87.7,111.1
,Jonathan Isaac,Orl,*,F,28.1,12,9.4,12.8,10.2,12,0.667,10,0.7,16,0.188,0.442,0.496,2.6,2.6,0.1,0.5,0.4,0.3,5.2,2.7,5.3,3.7,107.8,105.2
,Anthony Black,Orl,*,G,21.8,13,25.7,19.0,20.4,33,0.697,65,0.554,44,0.318,0.523,0.555,10.5,3.0,2.3,1.2,0.7,2.2,13.5,12.8,15.8,6.5,101.2,106.9
,Goga Bitadze,Orl,*,C-F,26.3,13,16.9,11.2,14.5,25,0.76,35,0.771,6,0.333,0.732,0.76,6.1,5.2,1.2,0.5,1.3,0.5,11.2,7.2,12.4,8.0,151.6,101.2
,Tristan da Silva,Orl,*,F,24.5,13,21.9,19.2,9.9,22,0.818,46,0.587,63,0.413,0.606,0.632,11.5,3.7,0.9,0.8,0.2,0.9,15.2,12.5,16.2,6.2,122.6,111.9
,Brandon Ingram,Tor,*,F,28.2,13,33.1,25.4,13.7,60,0.883,146,0.582,55,0.255,0.527,0.583,20.4,6.0,3.8,0.9,0.6,2.5,26.4,24.2,30.2,9.4,111.4,110.3
,Scottie Barnes,Tor,*,F-G,24.3,13,32.5,24.1,11.3,48,0.813,144,0.535,51,0.412,0.556,0.592,19.7,7.8,5.2,1.5,1.8,1.9,27.5,24.9,32.8,11.4,121.6,105.3
,Jakob Poeltl,Tor,*,C,30.1,9,24.7,15.8,15.9,33,0.545,58,0.707,0,0.0,0.707,0.689,11.1,7.3,1.8,0.7,0.7,1.2,18.4,12.9,20.2,8.5,136.6,102.0
,RJ Barrett,Tor,*,F-G,25.4,13,31.5,23.7,10.1,54,0.722,116,0.603,70,0.343,0.57,0.598,19.3,5.1,4.0,0.8,0.3,1.6,24.4,23.3,28.4,9.3,118.8,109.8
,Immanuel Quickley,Tor,*,G,26.4,13,31.3,20.3,12.3,41,0.756,76,0.553,80,0.375,0.558,0.589,15.8,4.3,6.2,1.2,0.0,1.7,20.1,22.0,26.3,9.6,121.2,112.0
,Ochai Agbaji,Tor,*,G,25.6,9,13.9,10.6,10.6,8,0.625,13,0.615,12,0.083,0.38,0.421,2.7,2.1,0.7,0.6,0.1,0.3,4.8,3.3,5.4,4.6,91.8,104.9
,Sandro Mamukelashvili,Tor,*,F-C,26.5,12,18.1,17.6,13.7,25,0.8,40,0.7,29,0.448,0.688,0.719,9.6,3.6,1.9,0.5,0.4,0.9,13.2,11.5,15.1,8.9,136.2,109.3
,Gradey Dick,Tor,*,G-F,22.0,13,16.5,17.7,6.3,26,0.808,30,0.533,44,0.341,0.52,0.574,7.5,2.3,0.5,0.5,0.0,0.4,9.8,8.1,10.4,5.0,115.9,114.9
,Jamal Shead,Tor,*,G,23.3,13,17.9,15.7,18.7,16,0.813,28,0.429,37,0.432,0.554,0.59,6.5,1.7,5.1,0.7,0.0,1.2,8.2,11.6,13.3,8.6,125.4,107.9
,Jonathan Mogbo,Tor,*,F,24.0,7,5.0,8.4,14.3,0,0.0,6,0.5,0,0.0,0.5,0.5,0.9,1.3,0.6,0.1,0.3,0.1,2.1,1.4,2.7,7.1,126.7,105.7
,Jamison Battle,Tor,*,F,24.5,10,7.3,14.3,16.0,0,0.0,6,0.667,15,0.733,0.976,0.976,4.1,1.1,0.2,0.2,0.1,0.4,5.2,4.3,5.4,5.3,139.6,112.1
,Zaccharie Risacher,Atl,*,F,20.6,11,24.6,20.6,7.2,19,0.684,65,0.585,50,0.34,0.552,0.567,12.7,2.6,1.3,1.1,0.6,0.8,15.4,14.0,16.6,5.7,110.0,110.4
,Jalen Johnson,Atl,*,F,23.9,11,32.3,25.2,16.3,51,0.804,128,0.633,31,0.355,0.613,0.65,21.5,9.5,6.3,1.8,0.3,2.8,31.0,27.7,37.3,13.5,122.8,103.9
,Kristaps Porzingis,Atl,*,F-C,30.3,9,25.8,26.5,8.0,51,0.863,69,0.507,45,0.311,0.491,0.572,17.3,5.7,3.7,0.6,1.6,1.1,23.0,21.0,26.7,11.1,123.8,104.6
,Dyson Daniels,Atl,*,G,22.7,13,32.5,14.0,18.9,20,0.6,95,0.474,12,0.25,0.463,0.479,8.5,5.6,5.4,2.2,0.5,1.9,14.2,13.9,19.5,7.8,105.9,107.3
,Trae Young,Atl,*,G,27.2,5,27.8,29.4,12.4,39,0.821,44,0.477,26,0.192,0.407,0.511,17.8,2.0,7.8,0.8,0.2,2.0,19.8,25.6,27.6,9.4,112.2,112.6
,Nickeil Alexander-Walker,Atl,*,G,27.2,11,29.9,24.9,16.8,51,0.863,81,0.519,62,0.323,0.503,0.568,17.1,2.8,3.5,1.0,1.0,2.6,19.9,20.5,23.4,7.4,106.1,113.3
,Keaton Wallace,Atl,*,G,26.7,12,16.4,13.2,16.6,4,0.5,21,0.429,29,0.414,0.54,0.541,4.7,2.0,3.2,0.8,0.2,0.8,6.7,7.8,9.8,7.6,112.0,106.9
,Luke Kennard,Atl,*,G,29.4,11,23.9,14.5,17.6,13,0.923,30,0.567,40,0.45,0.629,0.66,9.1,2.4,1.9,1.1,0.1,1.4,11.5,11.0,13.4,5.8,117.2,112.7
,Onyeka Okongwu,Atl,*,F-C,24.9,13,28.7,19.9,12.8,46,0.739,83,0.578,53,0.396,0.585,0.618,14.8,8.2,2.3,0.8,1.0,1.5,23.0,17.2,25.3,9.1,120.6,100.9
,Mouhamed Gueye,Atl,*,F,23.0,13,17.0,16.3,13.5,10,0.5,38,0.684,32,0.313,0.586,0.585,6.7,4.0,1.5,0.5,0.6,0.8,10.7,8.2,12.2,8.1,114.9,104.2
,Kelly Oubre Jr.,Phi,*,F-G,29.9,12,34.8,18.3,10.8,38,0.789,82,0.622,67,0.343,0.574,0.606,16.8,5.1,1.3,1.1,0.8,1.5,21.8,18.1,23.2,5.5,118.3,111.8
,Dominick Barlow,Phi,*,F,22.5,3,26.4,13.5,21.4,6,0.833,12,0.583,6,0.333,0.556,0.606,8.3,6.7,2.7,0.0,1.0,1.7,15.0,11.0,17.7,8.1,127.8,113.4
,Joel Embiid,Phi,*,C-F,31.7,6,23.3,35.1,15.5,35,0.829,59,0.525,28,0.321,0.511,0.576,19.7,5.5,3.3,0.8,1.5,2.7,25.2,23.0,28.5,12.2,113.3,107.8
,VJ Edgecombe,Phi,*,G,20.3,12,37.3,19.2,12.4,31,0.774,103,0.427,66,0.379,0.482,0.512,15.6,5.7,4.2,1.3,0.4,2.0,21.3,19.8,25.4,7.7,110.3,111.3
,Tyrese Maxey,Phi,*,G,25.0,12,40.4,30.2,9.7,95,0.884,170,0.476,110,0.418,0.536,0.597,32.0,5.1,7.8,1.4,0.8,2.5,37.1,39.8,44.9,10.7,125.9,112.6
,Quentin Grimes,Phi,*,G,25.5,12,30.9,22.0,21.9,53,0.83,61,0.557,74,0.392,0.574,0.628,16.6,4.0,4.4,0.9,0.5,3.2,20.6,21.0,25.0,8.6,113.7,111.3
,Adem Bona,Phi,*,F,22.6,12,14.8,8.0,25.7,16,0.5,19,0.474,1,0.0,0.45,0.481,2.2,3.4,0.3,0.4,1.7,0.6,5.6,2.4,5.8,3.5,104.0,107.9
,Jabari Walker,Phi,*,F,23.3,12,12.8,11.9,11.8,5,0.8,25,0.56,12,0.167,0.459,0.485,3.2,3.1,0.4,0.2,0.3,0.4,6.3,3.6,6.7,4.9,112.4,104.9
,Justin Edwards,Phi,*,F,21.9,10,13.6,16.3,9.5,3,1.0,13,0.615,34,0.471,0.681,0.693,6.7,1.5,0.9,0.2,0.2,0.5,8.2,7.6,9.1,6.1,133.2,105.7
,Andre Drummond,Phi,*,C,32.3,11,21.5,13.0,9.2,20,0.6,45,0.644,14,0.429,0.644,0.649,8.0,8.8,0.8,0.7,0.9,0.5,16.8,8.8,17.6,7.1,141.7,104.2
,Jaylen Brown,Bos,*,G-F,29.1,13,31.6,34.6,14.6,75,0.787,186,0.575,72,0.361,0.566,0.603,27.0,5.1,4.2,0.7,0.2,3.4,32.1,31.2,36.2,10.5,114.8,106.7
,Sam Hauser,Bos,*,F,27.9,13,22.6,15.0,8.8,4,0.75,11,0.182,82,0.341,0.473,0.48,7.0,3.3,1.3,0.5,0.3,0.7,10.3,8.3,11.6,5.5,104.6,115.4
,Neemias Queta,Bos,*,C,26.3,13,23.9,13.9,14.4,26,0.615,74,0.676,3,0.0,0.649,0.656,8.9,8.1,1.6,0.8,1.4,1.0,17.0,10.5,18.6,8.1,135.1,99.1
,Payton Pritchard,Bos,*,G,27.8,13,31.8,20.8,9.6,33,0.788,74,0.622,96,0.281,0.509,0.539,15.3,4.0,5.2,0.8,0.0,1.4,19.3,20.5,24.5,8.6,119.7,113.5
,Derrick White,Bos,*,G,31.4,13,32.4,23.2,7.4,36,0.806,86,0.43,113,0.292,0.435,0.47,15.5,3.7,5.2,1.8,1.2,1.2,19.2,20.7,24.4,8.2,110.2,113.7
,Xavier Tillman,Bos,*,F,26.8,7,8.7,13.3,5.3,0,0.0,10,0.7,8,0.25,0.556,0.556,2.9,2.4,0.6,0.4,0.1,0.1,5.3,3.4,5.9,7.4,131.8,102.9
,Josh Minott,Bos,*,F,23.0,12,20.9,15.5,10.7,17,0.824,37,0.595,38,0.342,0.553,0.588,8.1,5.7,1.5,1.2,0.4,0.8,13.8,9.6,15.3,7.9,128.5,102.8
,Anfernee Simons,Bos,*,G,26.4,13,25.4,23.6,8.6,20,0.9,66,0.424,94,0.404,0.531,0.557,14.5,2.2,2.4,0.5,0.2,1.2,16.7,16.8,19.1,6.7,114.9,112.1
,Chris Boucher,Bos,*,F,32.8,7,10.9,13.3,4.3,2,1.0,10,0.6,12,0.083,0.341,0.372,2.4,2.4,0.3,0.6,0.7,0.1,4.9,2.7,5.1,4.4,88.5,91.1
,Luka Garza,Bos,*,C,26.9,12,14.2,17.2,8.3,21,0.762,36,0.667,19,0.316,0.6,0.638,6.8,4.2,0.9,0.3,0.5,0.4,11.0,7.8,11.9,8.3,143.1,95.6
,Ausar Thompson,Det,*,G-F,22.8,10,29.1,20.5,10.8,39,0.487,102,0.529,13,0.308,0.522,0.526,13.9,6.6,3.4,1.8,0.7,1.4,20.5,17.3,23.9,9.3,113.1,102.7
,Tobias Harris,Det,*,F,33.3,6,32.2,18.3,10.1,18,0.944,43,0.465,28,0.286,0.451,0.513,13.5,6.0,2.8,0.8,0.2,1.3,19.5,16.3,22.3,7.6,110.7,105.3
,Jalen Duren,Det,*,C,22.0,11,29.0,22.8,18.4,73,0.808,119,0.647,0,0.0,0.647,0.705,19.4,12.0,1.6,1.0,1.2,2.5,31.4,21.0,33.0,9.9,133.1,98.8
,Duncan Robinson,Det,*,F,31.6,13,32.1,13.3,6.3,21,0.762,29,0.517,90,0.433,0.618,0.636,12.5,2.8,1.8,0.8,0.4,0.6,15.4,14.3,17.2,5.0,130.2,109.2
,Cade Cunningham,Det,*,G,24.1,11,37.0,32.1,14.1,86,0.802,170,0.5,73,0.288,0.479,0.538,27.5,5.4,9.9,1.4,0.8,3.6,32.8,37.4,42.7,12.3,115.1,105.5
,Isaiah Stewart,Det,*,F-C,24.5,10,23.0,18.5,10.5,21,0.667,54,0.556,31,0.387,0.565,0.584,11.0,6.7,1.5,0.2,1.9,1.0,17.7,12.5,19.2,8.3,122.4,101.3
,Caris LeVert,Det,*,G,31.2,9,20.1,18.8,18.6,19,0.632,34,0.559,27,0.444,0.607,0.62,9.6,1.3,3.0,0.7,0.4,1.6,10.9,12.6,13.9,6.7,115.1,111.4
,Ronald Holland II,Det,*,F,20.4,13,23.8,19.5,17.3,22,0.864,69,0.449,45,0.289,0.443,0.485,9.2,3.8,1.8,1.8,0.2,1.8,13.1,11.1,14.9,6.7,96.1,100.4
,Paul Reed,Det,*,F,26.4,11,12.8,19.5,20.2,8,0.5,44,0.705,7,0.571,0.725,0.715,7.1,4.8,1.2,1.1,0.9,1.2,11.9,8.3,13.1,10.8,127.8,95.0
,Javonte Green,Det,*,G,32.3,13,22.6,14.4,11.1,31,0.71,38,0.421,42,0.31,0.444,0.497,7.2,3.8,1.3,1.1,0.5,0.8,11.0,8.5,12.3,5.8,109.0,108.5
,Isaac Okoro,Chi,*,F-G,24.8,11,24.5,14.5,16.2,17,0.882,38,0.526,34,0.382,0.549,0.591,8.5,2.7,1.8,0.5,0.7,1.3,11.3,10.4,13.1,5.6,115.2,108.8
,Matas Buzelis,Chi,*,F,21.1,11,28.7,21.2,16.3,30,0.867,73,0.534,50,0.4,0.561,0.602,14.9,5.6,1.2,0.8,1.0,2.2,20.5,16.1,21.7,6.5,108.0,108.1
,Nikola Vucevic,Chi,*,C,35.1,11,30.8,20.7,13.3,23,0.739,92,0.543,45,0.444,0.584,0.602,16.1,9.9,3.6,0.7,0.3,1.9,26.0,19.7,29.6,10.8,120.5,109.7
,Tre Jones,Chi,*,G,25.9,11,29.9,17.5,15.6,52,0.846,80,0.525,17,0.353,0.526,0.609,13.3,4.0,5.5,2.1,0.2,1.6,17.3,18.7,22.7,8.9,127.7,111.8
,Josh Giddey,Chi,*,G,23.1,9,34.1,27.7,17.2,53,0.755,110,0.491,39,0.385,0.513,0.56,21.4,9.7,9.3,1.0,0.3,3.4,31.1,30.8,40.4,14.6,116.4,111.7
,Kevin Huerter,Chi,*,G-F,27.2,11,26.1,21.8,13.7,27,0.815,65,0.677,54,0.315,0.584,0.615,14.6,3.9,3.0,1.0,1.0,1.7,18.5,17.6,21.5,8.5,117.0,109.5
,Ayo Dosunmu,Chi,*,G,25.8,9,25.4,20.7,9.7,23,0.913,56,0.554,37,0.459,0.608,0.65,14.9,2.6,3.0,0.8,0.1,1.1,17.4,17.9,20.4,7.7,127.9,114.7
,Patrick Williams,Chi,*,F,24.2,11,23.0,14.7,14.8,18,0.667,27,0.481,42,0.405,0.558,0.579,8.1,3.1,1.5,1.2,0.5,1.1,11.2,9.6,12.7,5.8,111.5,112.1
,Jalen Smith,Chi,*,F-C,25.7,11,15.8,24.0,11.9,18,0.667,39,0.59,42,0.405,0.599,0.613,9.9,6.0,1.2,0.2,0.3,1.0,15.9,11.1,17.1,10.5,122.5,104.4
,Dalen Terry,Chi,*,F,23.3,7,5.9,12.8,9.8,6,0.5,7,0.429,2,0.5,0.5,0.515,1.7,0.4,0.6,0.1,0.3,0.1,2.1,2.3,2.7,5.0,110.4,112.1
,Trey Murphy III,Nor,*,F,25.4,12,36.1,21.6,10.8,41,0.927,87,0.563,95,0.358,0.549,0.595,19.8,6.8,3.4,1.3,0.2,1.8,26.7,23.3,30.1,8.5,121.5,119.6
,Zion Williamson,Nor,*,F,25.4,5,31.5,32.2,17.8,57,0.667,78,0.487,0,0.0,0.487,0.553,22.8,6.8,4.6,2.0,0.2,3.4,29.6,27.4,34.2,11.3,111.7,117.0
,Yves Missi,Nor,*,C,21.5,7,18.3,12.2,26.4,16,0.563,22,0.682,0,0.0,0.682,0.671,5.6,4.9,1.1,0.1,1.0,1.1,10.4,6.7,11.6,6.8,126.7,117.7
,Herbert Jones,Nor,*,F,27.1,12,30.7,15.4,14.9,17,0.647,52,0.462,56,0.393,0.528,0.541,10.4,3.8,2.5,1.3,0.3,1.6,14.2,12.9,16.7,6.0,107.2,114.9
,Jordan Poole,Nor,*,G,26.4,7,30.3,25.5,13.1,32,0.969,40,0.375,59,0.339,0.455,0.535,17.3,1.7,3.4,0.3,0.3,2.1,19.0,20.7,22.4,6.1,109.2,121.3
,Saddiq Bey,Nor,*,G-F,26.6,12,27.4,18.1,5.4,25,0.72,58,0.466,65,0.4,0.537,0.56,12.5,4.6,2.1,0.7,0.0,0.6,17.1,14.6,19.2,7.2,123.6,123.9
,Hunter Dickinson,Nor,*,C,25.0,1,4.7,35.9,50.0,0,0.0,2,0.5,0,0.0,0.5,0.5,2.0,0.0,0.0,0.0,1.0,2.0,2.0,2.0,2.0,0.0,43.1,84.5
,Jordan Hawkins,Nor,*,G,23.6,11,14.0,16.5,7.0,7,0.714,23,0.304,30,0.267,0.358,0.383,3.9,1.7,0.5,0.2,0.0,0.4,5.6,4.5,6.2,4.3,87.0,125.2
,Jeremiah Fears,Nor,*,G,19.1,12,26.5,25.9,15.9,31,0.839,110,0.464,43,0.349,0.48,0.519,14.4,2.9,3.1,2.0,0.0,2.4,17.3,17.5,20.4,7.6,101.3,116.4
,Derik Queen,Nor,*,C,20.9,12,22.1,22.6,19.8,37,0.757,91,0.527,10,0.1,0.49,0.541,10.6,6.0,2.3,1.0,0.6,2.1,16.6,12.9,18.9,9.5,105.7,108.4
,Kentavious Caldwell-Pope,Mem,*,G,32.7,14,23.4,16.3,13.6,28,0.893,54,0.407,47,0.298,0.426,0.49,7.9,2.6,3.1,0.8,0.3,1.1,10.5,11.0,13.6,6.8,102.7,115.5
,Jaren Jackson Jr.,Mem,*,F-C,26.2,14,28.7,24.7,13.7,66,0.803,121,0.529,61,0.377,0.541,0.592,17.9,5.2,1.4,0.5,1.4,2.1,23.1,19.2,24.4,7.1,107.5,104.9
,Jock Landale,Mem,*,C,30.1,14,24.4,15.6,13.4,23,0.696,68,0.588,35,0.457,0.621,0.636,10.3,5.4,1.7,0.6,0.4,1.1,15.7,12.0,17.4,7.5,123.5,107.7
,Jaylen Wells,Mem,*,F,22.2,14,25.3,18.2,8.2,21,0.667,60,0.467,74,0.284,0.444,0.464,9.5,3.6,1.5,0.6,0.0,0.9,13.1,11.0,14.6,5.9,97.6,113.3
,Ja Morant,Mem,*,G,26.3,12,28.8,32.4,18.7,69,0.942,135,0.444,60,0.167,0.385,0.477,17.9,3.5,7.6,1.0,0.1,3.8,21.4,25.5,29.0,10.8,97.6,112.7
,Olivier-Maxence Prosper,Mem,*,F,23.4,9,8.5,16.8,16.4,16,1.0,15,0.667,5,0.0,0.5,0.666,4.0,2.0,0.6,0.1,0.1,0.4,6.0,4.6,6.6,7.9,132.8,115.1
,Santi Aldama,Mem,*,F-C,24.8,14,25.6,21.0,10.8,33,0.576,85,0.576,64,0.313,0.53,0.541,12.6,6.9,2.4,1.1,0.6,1.3,19.5,15.1,21.9,9.3,108.3,111.1
,Javon Small,Mem,*,G,22.9,8,12.4,16.9,22.0,10,0.8,9,0.444,19,0.316,0.464,0.525,4.3,1.0,2.8,0.0,0.1,1.0,5.3,7.0,8.0,7.4,106.0,116.3
,Cedric Coward,Mem,*,G,22.2,14,26.7,19.1,11.2,50,0.9,72,0.569,62,0.371,0.563,0.628,14.0,6.1,3.0,0.9,0.4,1.2,20.1,17.0,23.1,9.5,126.8,111.4
,Cam Spencer,Mem,*,G,25.6,14,18.7,17.3,12.2,26,0.885,26,0.346,60,0.45,0.576,0.626,8.7,2.0,3.0,0.7,0.1,0.9,10.7,11.7,13.7,8.0,123.5,112.9
,John Konchar,Mem,*,G,29.7,12,11.5,8.0,15.1,1,1.0,8,0.75,14,0.429,0.682,0.691,2.6,2.3,0.9,0.8,0.4,0.3,4.8,3.5,5.8,6.1,126.9,110.3
,Khris Middleton,Was,*,F,34.3,9,24.5,17.6,17.0,14,0.643,48,0.542,25,0.32,0.521,0.537,9.4,3.8,2.4,0.9,0.2,1.7,13.2,11.9,15.7,7.2,105.6,114.5
,Kyshawn George,Was,*,F,21.9,11,30.9,21.5,21.2,27,0.667,71,0.549,59,0.441,0.6,0.613,15.8,6.1,4.5,1.0,1.0,3.2,21.9,20.4,26.5,9.8,107.9,110.6
,Alexandre Sarr,Was,*,C,20.6,12,29.5,26.1,14.9,36,0.722,140,0.579,37,0.351,0.568,0.589,18.9,8.6,3.8,0.8,2.3,2.6,27.5,22.8,31.3,11.5,114.4,119.5
,CJ McCollum,Was,*,G,34.2,12,29.3,24.0,9.7,42,0.81,85,0.4,83,0.373,0.479,0.523,16.3,3.3,3.3,0.7,0.3,1.5,19.6,19.6,22.9,7.7,108.2,122.4
,Bub Carrington,Was,*,G,20.3,12,27.4,14.8,28.5,14,0.714,44,0.227,36,0.444,0.425,0.453,6.5,4.0,4.5,0.7,0.2,2.7,10.5,11.0,15.0,7.1,87.4,118.4
,Marvin Bagley III,Was,*,F,26.7,12,14.5,17.6,16.6,18,0.722,49,0.694,6,0.5,0.7,0.715,7.5,4.3,1.3,0.5,0.6,0.9,11.8,8.8,13.1,9.6,136.7,111.1
,Tre Johnson,Was,*,G,19.7,12,25.8,19.8,13.3,16,0.875,60,0.467,63,0.397,0.533,0.558,12.1,3.5,1.4,0.3,0.5,1.6,15.6,13.5,17.0,6.0,103.4,122.7
,Cam Whitmore,Was,*,F,21.4,12,17.3,22.7,11.3,19,0.737,61,0.541,33,0.303,0.511,0.537,9.2,2.3,0.6,0.9,0.2,1.0,11.5,9.8,12.1,5.4,101.6,120.5
,Corey Kispert,Was,*,F,26.7,12,19.3,15.2,11.6,19,0.737,23,0.696,45,0.4,0.632,0.655,8.3,2.3,1.8,0.2,0.2,0.8,10.7,10.1,12.4,6.7,126.0,123.5
,Justin Champagnie,Was,*,G-F,24.4,11,8.6,13.4,8.2,15,0.8,13,0.385,9,0.222,0.364,0.49,2.5,3.1,0.4,0.4,0.0,0.2,5.6,2.9,6.0,6.8,128.3,112.6
,Will Riley,Was,*,F,19.8,9,7.1,14.5,9.9,6,0.5,14,0.5,4,0.25,0.472,0.484,2.2,1.6,0.8,0.2,0.0,0.2,3.8,3.0,4.6,8.0,109.2,124.1
,AJ Johnson,Was,*,G,21.0,7,5.0,15.1,8.8,4,0.75,8,0.25,2,0.0,0.2,0.298,1.0,0.6,0.6,0.0,0.0,0.1,1.6,1.6,2.1,5.7,85.4,123.7
,Tristan Vukcevic,Was,*,F,22.7,9,5.8,23.2,15.8,10,0.6,11,0.545,10,0.3,0.5,0.531,3.0,0.8,0.4,0.1,0.3,0.4,3.8,3.4,4.2,6.8,99.9,117.4
,Anthony Gill,Was,*,F,33.1,5,2.7,21.3,31.1,2,1.0,3,0.667,1,1.0,0.875,0.922,1.8,0.8,0.0,0.0,0.0,0.4,2.6,1.8,2.6,0.0,0.0,0.0
,Sharife Cooper,Was,*,G,24.4,2,2.1,10.1,100.0,0,0.0,0,0.0,0,0.0,0.0,0.0,0.0,0.0,0.0,0.0,0.0,0.5,0.0,0.0,0.0,0.0,0.0,0.0
,Gary Trent Jr.,Mil,*,G,26.8,14,27.4,15.8,6.8,18,0.722,37,0.432,86,0.372,0.52,0.538,10.1,1.6,2.1,1.1,0.1,0.6,11.6,12.2,13.8,4.7,109.6,116.9
,Giannis Antetokounmpo,Mil,*,F,30.9,12,33.4,36.4,15.0,129,0.636,220,0.641,18,0.5,0.649,0.663,32.6,11.3,7.1,0.9,1.3,3.5,43.9,39.7,51.0,16.5,130.9,111.2
,Myles Turner,Mil,*,C-F,29.6,14,29.5,17.4,12.4,29,0.69,56,0.482,78,0.41,0.56,0.579,12.1,6.2,1.9,1.1,1.8,1.4,18.4,14.0,20.2,7.1,112.6,110.8
,A.J. Green,Mil,*,G,26.1,14,27.3,13.1,10.2,19,0.789,7,0.714,89,0.472,0.708,0.723,10.8,2.4,1.7,0.4,0.1,0.8,13.2,12.5,14.9,5.2,131.5,112.6
,Kevin Porter Jr.,Mil,*,G-F,25.5,1,9.4,27.1,0.0,2,1.0,2,0.5,3,0.667,0.8,0.85,10.0,0.0,2.0,1.0,0.0,0.0,10.0,12.0,12.0,0.0,177.2,124.1
,Kyle Kuzma,Mil,*,F,30.3,13,26.0,21.0,11.6,41,0.78,86,0.628,43,0.279,0.558,0.598,13.5,4.4,1.7,0.8,0.6,1.3,17.9,15.2,19.6,7.2,114.2,111.9
,Bobby Portis,Mil,*,F,30.8,14,20.4,21.0,13.3,8,0.75,73,0.493,44,0.432,0.551,0.56,9.6,5.5,1.2,0.3,0.1,1.3,15.1,10.9,16.4,7.8,106.4,111.7
,Ryan Rollins,Mil,*,G,23.4,14,31.1,21.8,16.0,30,0.767,103,0.573,70,0.457,0.618,0.636,16.9,3.8,5.4,1.7,0.2,2.4,20.7,22.3,26.1,9.0,120.5,112.4
,Cole Anthony,Mil,*,G,25.5,13,19.4,25.7,18.9,15,0.533,79,0.494,37,0.297,0.478,0.485,9.2,3.5,5.0,0.8,0.4,2.1,12.6,14.2,17.6,11.2,101.7,105.7
,Taurean Prince,Mil,*,F,31.7,8,21.1,11.4,11.5,3,1.0,10,0.5,28,0.429,0.605,0.623,6.1,1.6,1.0,0.8,0.3,0.6,7.8,7.1,8.8,4.1,113.1,111.7
,Amir Coffey,Mil,*,G-F,28.4,13,9.9,7.2,4.9,3,1.0,11,0.545,8,0.25,0.474,0.517,1.6,1.1,0.5,0.0,0.1,0.1,2.7,2.2,3.2,3.9,124.1,121.8
,Jericho Sims,Mil,*,C,27.1,9,6.8,6.9,48.0,4,0.75,4,0.75,0,0.0,0.75,0.781,1.0,1.8,0.3,0.1,0.2,0.4,2.8,1.3,3.1,4.8,132.5,112.5
,Gary Harris,Mil,*,G,31.2,7,10.0,9.9,12.5,0,0.0,6,0.5,8,0.5,0.643,0.643,2.6,0.6,0.6,0.7,0.3,0.3,3.1,3.1,3.7,3.9,119.4,116.3
,Andre Jackson Jr.,Mil,*,G,24.0,6,3.7,7.8,50.0,0,0.0,1,0.0,1,0.0,0.0,0.0,0.0,0.3,1.0,0.3,0.2,0.3,0.3,1.0,1.3,0.0,0.0,0.0
,Thanasis Antetokounmpo,Mil,*,F,33.3,4,2.3,9.5,0.0,0,0.0,2,0.5,0,0.0,0.5,0.5,0.5,0.3,0.0,0.3,0.5,0.0,0.8,0.5,0.8,0.0,0.0,0.0
,Derrick Jones Jr.,Lac,*,F,28.8,12,26.1,15.3,9.3,28,0.786,43,0.744,44,0.341,0.626,0.659,10.9,2.5,1.2,0.9,1.1,0.8,13.4,12.1,14.6,4.9,130.4,116.4
,Kawhi Leonard,Lac,*,F,34.4,6,33.5,28.2,9.4,27,0.963,70,0.557,35,0.4,0.571,0.625,24.3,5.7,3.5,2.5,0.7,1.8,30.0,27.8,33.5,9.4,123.6,116.9
,Ivica Zubac,Lac,*,C,28.7,12,31.1,21.0,17.4,36,0.722,133,0.632,0,0.0,0.632,0.652,16.2,10.5,2.3,0.5,1.1,2.3,26.7,18.4,28.9,9.4,123.7,111.7
,Bradley Beal,Lac,*,G,32.4,6,20.2,22.2,15.7,8,0.75,29,0.379,19,0.368,0.448,0.476,8.2,0.8,1.7,0.5,0.0,1.5,9.0,9.8,10.7,4.4,92.4,114.5
,James Harden,Lac,*,G,36.2,11,35.9,28.8,19.2,76,0.908,78,0.551,102,0.392,0.572,0.644,25.0,6.3,9.1,0.9,0.5,3.9,31.3,34.1,40.4,12.6,124.8,117.4
,John Collins,Lac,*,F-C,28.1,12,24.8,21.7,19.4,26,0.769,76,0.566,32,0.344,0.551,0.582,11.6,4.8,0.8,1.0,0.6,2.2,16.4,12.3,17.2,5.7,103.1,113.5
,Kris Dunn,Lac,*,G,31.7,12,25.7,13.3,18.5,14,0.714,42,0.571,28,0.357,0.557,0.578,7.3,2.4,2.2,1.7,0.3,1.3,9.8,9.5,11.9,5.3,111.4,112.7
,Brook Lopez,Lac,*,C,37.6,12,15.4,20.8,14.4,8,0.625,22,0.591,49,0.347,0.542,0.55,6.8,2.3,0.4,0.3,0.8,1.0,9.2,7.3,9.6,4.8,98.1,111.8
,Chris Paul,Lac,*,G,40.5,8,12.9,14.0,21.6,1,1.0,6,0.167,19,0.263,0.34,0.354,2.3,1.8,3.6,1.1,0.0,0.9,4.0,5.9,7.6,7.6,105.0,107.5
,Nicolas Batum,Lac,*,G-F,36.9,12,17.4,11.2,11.4,2,1.0,5,0.4,41,0.293,0.435,0.448,3.5,2.6,0.8,0.9,0.5,0.5,6.1,4.3,6.9,4.5,96.6,110.6
,Cam Christie,Lac,*,G,20.3,8,11.5,18.1,3.2,15,0.733,14,0.429,16,0.438,0.55,0.601,5.5,1.9,1.0,0.3,0.1,0.1,7.4,6.5,8.4,7.6,133.8,120.8
,Kobe Sanders,Lac,*,G,23.5,4,11.7,19.8,19.8,2,0.5,5,0.4,11,0.273,0.406,0.415,3.5,0.8,1.3,0.5,0.0,1.0,4.3,4.8,5.5,5.3,83.5,103.9
,Kobe Brown,Lac,*,F,25.9,7,8.5,11.7,20.8,4,1.0,5,0.8,6,0.167,0.5,0.588,2.1,2.1,1.0,0.0,0.0,0.4,4.3,3.1,5.3,7.7,125.3,120.0
,Yanic Konan Niederhauser,Lac,*,C,22.7,5,4.5,24.8,10.8,8,0.625,8,0.875,0,0.0,0.875,0.825,3.8,1.2,0.4,0.0,0.2,0.2,5.0,4.2,5.4,10.9,160.6,115.2
,Lauri Markkanen,Uta,*,F-C,28.5,12,35.3,28.5,6.4,79,0.886,138,0.551,109,0.394,0.569,0.623,29.3,6.1,2.1,0.8,0.4,1.4,35.3,31.3,37.4,8.2,128.9,117.9
,Kyle Filipowski,Uta,*,C,22.0,12,19.8,18.1,17.0,28,0.714,43,0.465,35,0.314,0.468,0.515,7.8,5.3,2.4,0.3,0.6,1.3,13.1,10.2,15.5,9.4,110.1,105.6
,Walker Kessler,Uta,*,C,24.3,5,30.8,16.2,30.0,20,0.7,29,0.69,8,0.75,0.784,0.786,14.4,10.8,3.0,1.4,1.8,3.2,25.2,17.4,28.2,10.1,127.4,104.1
,Svi Mykhailiuk,Uta,*,G-F,28.4,12,27.0,12.9,8.9,6,0.833,25,0.72,67,0.358,0.587,0.597,9.4,2.8,2.0,0.6,0.2,0.8,12.2,11.4,14.2,5.6,122.6,119.3
,Keyonte George,Uta,*,G,22.0,12,33.6,26.2,17.5,88,0.92,111,0.514,73,0.274,0.473,0.572,21.3,4.1,7.1,0.8,0.3,3.3,25.3,28.3,32.4,10.2,117.9,116.9
,Brice Sensabaugh,Uta,*,F,22.0,11,13.3,24.3,12.1,13,0.923,21,0.714,51,0.333,0.563,0.598,8.5,2.5,1.1,0.5,0.1,0.9,10.9,9.5,12.0,8.6,113.7,110.9
,Ace Bailey,Uta,*,F,19.3,12,20.9,19.3,16.0,17,0.824,57,0.474,37,0.324,0.479,0.512,8.7,3.8,1.7,0.7,0.1,1.5,12.5,10.3,14.2,7.3,105.9,112.6
,Taylor Hendricks,Uta,*,F,22.0,9,16.5,13.2,11.0,8,0.75,23,0.478,17,0.235,0.425,0.46,4.4,4.2,0.4,0.4,0.3,0.6,8.7,4.9,9.1,4.7,106.3,119.1
,Jusuf Nurkic,Uta,*,C,31.2,12,23.0,19.9,27.8,31,0.613,65,0.446,23,0.174,0.398,0.438,7.4,9.2,3.5,1.7,0.4,2.8,16.6,10.9,20.1,10.8,90.7,102.5
,Walter Clayton Jr.,Uta,*,G,22.7,11,16.2,17.1,21.6,14,1.0,25,0.48,29,0.345,0.5,0.565,6.2,2.4,3.2,0.5,0.3,1.4,8.5,9.4,11.7,8.9,114.5,111.0
,Cody Williams,Uta,*,F,21.0,7,11.3,13.0,12.4,3,0.333,12,0.583,9,0.222,0.476,0.47,3.0,0.9,0.6,0.3,0.1,0.4,3.9,3.6,4.4,4.2,93.9,111.0
,Julian Champagnie,San,*,F,24.4,12,27.6,14.6,16.6,28,0.75,20,0.55,65,0.369,0.553,0.591,9.6,5.0,1.3,1.2,0.3,1.4,14.6,10.9,15.9,5.7,112.8,110.3
,Harrison Barnes,San,*,F,33.5,12,29.6,13.4,18.2,19,0.947,25,0.64,60,0.483,0.7,0.734,11.4,2.8,2.0,1.0,0.3,1.6,14.3,13.4,16.3,5.4,129.3,110.7
,Victor Wembanyama,San,*,F-C,21.9,12,34.7,30.6,16.3,84,0.857,163,0.558,58,0.345,0.548,0.609,26.2,12.9,4.0,1.1,3.6,3.6,39.1,30.2,43.1,12.7,117.8,99.2
,Devin Vassell,San,*,G-F,25.2,12,33.0,18.0,8.7,19,0.737,56,0.482,90,0.356,0.514,0.531,13.7,3.6,2.0,1.0,0.2,1.2,17.3,15.7,19.3,5.6,109.5,110.5
,Stephon Castle,San,*,G,21.0,12,33.4,24.8,24.2,83,0.699,102,0.627,48,0.229,0.537,0.587,18.3,6.3,7.8,1.8,0.4,4.0,24.5,26.1,32.3,11.6,115.7,102.6
,Luke Kornet,San,*,C-F,30.3,5,22.0,12.8,7.1,12,0.667,26,0.769,0,0.0,0.769,0.767,9.6,5.6,2.0,0.0,0.8,0.4,15.2,11.6,17.2,8.6,166.1,108.8
,Keldon Johnson,San,*,F-G,26.1,12,23.2,17.3,8.8,26,0.808,69,0.638,24,0.292,0.586,0.622,10.8,5.7,1.8,0.8,0.1,0.8,16.5,12.6,18.3,8.3,135.5,107.3
,Dylan Harper,San,*,G,19.7,6,23.4,25.0,14.6,18,0.833,50,0.54,14,0.357,0.539,0.584,14.0,4.0,3.8,0.7,0.0,1.8,18.0,17.8,21.8,10.2,118.3,102.4
,Jordan McLaughlin,San,*,G,29.6,8,9.2,15.7,7.6,3,1.0,9,0.556,15,0.333,0.521,0.553,3.5,0.6,1.3,0.9,0.0,0.3,4.1,4.8,5.4,6.1,127.6,105.3
,Carter Bryant,San,*,F,20.0,7,6.8,19.9,14.0,3,1.0,10,0.4,8,0.25,0.389,0.44,2.4,0.9,0.0,0.3,0.1,0.4,3.3,2.4,3.3,0.0,81.4,106.7
,Bismack Biyombo,San,*,C,33.2,5,8.8,3.9,50.0,0,0.0,2,0.5,0,0.0,0.5,0.5,0.4,1.0,0.4,0.6,0.0,0.4,1.4,0.8,1.8,2.5,92.6,93.4
,Harrison Ingram,San,*,F,23.0,3,3.6,11.8,0.0,0,0.0,2,0.5,1,1.0,0.833,0.833,1.7,1.0,0.0,0.0,0.0,0.0,2.7,1.7,2.7,0.0,0.0,0.0
,David Jones Garcia,San,*,F,24.0,3,3.6,32.6,0.0,3,0.333,7,0.571,0,0.0,0.571,0.541,3.0,1.0,1.3,0.0,0.0,0.0,4.0,4.3,5.3,17.5,0.0,0.0
,Riley Minix,San,*,F,25.1,3,2.8,30.6,0.0,0,0.0,3,1.0,3,0.333,0.75,0.75,3.0,0.7,0.3,0.3,0.0,0.0,3.7,3.3,4.0,12.2,0.0,0.0
,P.J. Washington,Dal,*,F,27.2,12,30.5,22.5,17.9,55,0.655,93,0.559,49,0.245,0.493,0.529,14.7,7.6,2.3,0.9,1.3,2.6,22.3,17.0,24.6,8.3,97.7,105.6
,Anthony Davis,Dal,*,F-C,32.7,5,29.9,27.9,12.7,31,0.742,64,0.563,11,0.273,0.54,0.587,20.8,10.2,2.2,1.6,1.2,2.2,31.0,23.0,33.2,10.4,115.2,102.7
,Dereck Lively II,Dal,*,C,21.8,4,17.0,12.7,32.8,6,0.667,12,0.667,0,0.0,0.667,0.683,5.0,5.0,2.3,0.8,1.3,1.5,10.0,7.3,12.3,9.1,116.3,98.7
,Klay Thompson,Dal,*,G,35.8,12,21.3,21.4,10.9,6,1.0,28,0.393,86,0.302,0.439,0.454,8.8,2.8,1.9,0.3,0.3,1.2,11.6,10.8,13.5,6.8,89.5,113.9
,Cooper Flagg,Dal,*,F,18.9,13,33.9,21.1,15.7,41,0.805,120,0.508,52,0.269,0.477,0.518,15.2,6.6,3.1,1.4,0.7,2.5,21.8,18.2,24.8,8.0,98.9,107.1
,Naji Marshall,Dal,*,F,27.8,13,26.4,16.6,9.7,53,0.849,66,0.561,36,0.306,0.525,0.606,11.7,4.6,2.4,1.2,0.0,0.8,16.3,14.1,18.7,7.7,124.1,105.5
,Max Christie,Dal,*,G,22.8,13,30.8,15.3,10.2,20,0.75,46,0.5,77,0.455,0.614,0.63,12.8,3.5,2.6,0.5,0.6,1.1,16.3,15.4,18.9,6.3,118.2,110.1
,D'Angelo Russell,Dal,*,G,29.7,13,21.9,28.2,17.0,50,0.7,75,0.507,66,0.242,0.44,0.488,12.2,2.9,4.8,0.6,0.2,2.2,15.2,17.0,19.9,10.1,98.5,110.1
,Ryan Nembhard,Dal,*,G,22.7,5,9.0,20.7,28.2,3,0.667,11,0.636,4,0.0,0.467,0.49,3.2,0.2,1.8,0.0,0.0,1.2,3.4,5.0,5.2,4.7,88.5,114.5
,Dwight Powell,Dal,*,F-C,34.3,11,8.9,10.5,28.8,17,0.882,12,0.5,0,0.0,0.5,0.693,2.5,1.9,0.6,0.4,0.2,0.5,4.4,3.1,5.0,6.4,137.3,94.7
,Brandon Williams,Dal,*,G,26.0,11,19.7,25.0,18.4,35,0.743,66,0.561,27,0.148,0.462,0.517,10.2,2.4,3.1,1.8,0.1,1.9,12.5,13.3,15.6,8.6,99.1,105.0
,Jaden Hardy,Dal,*,G,23.4,11,10.6,20.7,16.6,9,0.778,17,0.412,28,0.393,0.522,0.551,4.9,1.2,0.4,0.4,0.1,0.8,6.1,5.3,6.5,5.0,94.8,106.2
,Caleb Martin,Dal,*,F,30.1,11,9.7,10.0,21.4,6,0.833,12,0.333,6,0.167,0.306,0.388,1.5,1.6,1.1,0.4,0.1,0.5,3.1,2.5,4.2,5.7,100.5,96.6
,Moussa Cisse,Dal,*,C,23.2,9,11.2,15.2,29.8,15,0.467,21,0.762,0,0.0,0.762,0.707,4.3,3.9,0.1,0.2,1.4,1.0,8.2,4.4,8.3,4.2,119.2,96.2
,DeMar DeRozan,Sac,*,G-F,36.3,13,33.6,21.4,6.6,59,0.847,151,0.497,32,0.375,0.508,0.565,18.2,3.5,3.5,1.1,0.2,1.0,21.6,21.6,25.1,7.2,116.7,120.9
,Nique Clifford,Sac,*,G,23.8,9,20.2,13.5,12.7,8,0.75,27,0.407,21,0.286,0.417,0.446,5.1,3.3,2.4,0.4,0.3,0.8,8.4,7.6,10.9,6.8,101.4,113.3
,Drew Eubanks,Sac,*,F-C,28.8,13,14.9,17.5,19.3,31,0.484,53,0.679,1,0.0,0.667,0.643,6.7,2.9,0.3,0.5,0.9,1.0,9.6,7.0,9.9,4.8,108.9,114.8
,Zach LaVine,Sac,*,G,30.7,11,35.3,24.0,11.0,51,0.882,91,0.593,86,0.43,0.619,0.662,24.0,3.6,2.2,0.5,0.2,2.0,27.6,26.2,29.8,6.5,119.5,119.8
,Dennis Schroder,Sac,*,G,32.2,13,30.1,20.1,15.3,25,0.76,93,0.43,56,0.304,0.44,0.469,11.5,3.5,6.0,1.1,0.2,2.1,15.0,17.5,21.0,8.3,98.9,119.9
,Maxime Raynaud,Sac,*,C,22.6,6,12.3,18.7,20.4,9,0.889,20,0.45,3,0.0,0.391,0.482,4.3,3.7,0.7,0.3,0.3,1.0,8.0,5.0,8.7,7.3,97.5,115.2
,Malik Monk,Sac,*,G,27.8,10,23.9,20.1,9.3,16,0.875,54,0.5,43,0.465,0.588,0.615,12.8,1.5,2.2,0.9,0.5,1.0,14.3,15.0,16.5,5.8,117.1,119.5
,Dario Saric,Sac,*,F-C,31.6,3,9.2,10.5,15.5,2,1.0,3,0.0,2,0.5,0.3,0.425,1.7,1.7,0.7,0.0,0.0,0.3,3.3,2.3,4.0,5.5,97.5,127.2
,Russell Westbrook,Sac,*,G,37.0,13,28.0,24.0,20.8,37,0.703,84,0.476,68,0.397,0.53,0.556,14.4,6.4,6.4,0.9,0.2,3.1,20.8,20.8,27.2,12.0,108.6,116.5
,Keon Ellis,Sac,*,G,25.9,13,19.1,14.0,7.7,10,0.7,20,0.45,52,0.462,0.625,0.635,7.5,1.5,0.7,1.5,0.3,0.5,9.0,8.2,9.7,4.2,118.7,110.8
,Dylan Cardwell,Sac,*,C,23.9,3,10.8,11.5,24.3,2,0.5,5,0.4,1,0.0,0.333,0.363,1.7,1.7,0.0,0.7,1.0,0.7,3.3,1.7,3.3,0.0,71.5,91.8
,Dillon Brooks,Pho,*,G-F,29.8,7,29.1,28.1,10.5,30,0.933,55,0.545,55,0.327,0.518,0.576,20.3,2.9,2.0,1.9,0.3,1.9,23.1,22.3,25.1,6.7,114.0,107.3
,Ryan Dunn,Pho,*,F,22.9,13,23.9,15.0,12.2,11,0.636,53,0.623,40,0.3,0.548,0.557,8.4,5.2,1.6,1.0,0.8,1.0,13.5,10.0,15.2,6.9,118.2,108.2
,Oso Ighodaro,Pho,*,F,23.3,13,16.5,14.3,25.3,14,0.5,50,0.52,0,0.0,0.52,0.525,4.5,3.5,1.3,0.5,0.7,1.3,8.0,5.8,9.3,6.6,94.1,100.2
,Grayson Allen,Pho,*,G,30.1,13,32.1,21.2,11.7,34,0.794,59,0.508,114,0.447,0.616,0.638,18.5,3.1,4.3,1.6,0.3,1.8,21.5,22.8,25.8,7.8,126.0,112.3
,Devin Booker,Pho,*,G,29.0,13,35.6,31.6,16.7,100,0.89,178,0.556,76,0.368,0.555,0.622,28.5,4.2,7.0,0.8,0.2,3.9,32.8,35.5,39.8,10.6,122.1,113.0
,Collin Gillespie,Pho,*,G,26.4,13,23.5,18.3,14.1,13,0.692,29,0.379,80,0.388,0.528,0.54,9.5,3.8,4.9,0.9,0.5,1.4,13.4,14.5,18.3,9.6,120.1,113.6
,Mark Williams,Pho,*,C,23.9,11,25.2,16.3,8.8,37,0.784,83,0.602,0,0.0,0.602,0.65,11.7,8.7,0.9,1.4,1.0,0.7,20.5,12.6,21.4,7.2,139.1,102.7
,Royce O'Neale,Pho,*,F,32.4,13,29.9,15.2,15.2,6,0.667,20,0.55,97,0.454,0.658,0.66,12.2,5.5,3.2,1.3,0.2,1.6,17.6,15.4,20.8,8.0,124.5,108.2
,Nigel Hayes-Davis,Pho,*,F,30.9,11,8.5,11.7,19.2,0,0.0,13,0.615,8,0.125,0.452,0.452,1.7,1.2,0.5,0.5,0.0,0.5,2.9,2.2,3.4,4.7,93.4,109.2
,Nick Richards,Pho,*,C,28.0,13,10.1,17.7,24.3,23,0.739,34,0.559,0,0.0,0.559,0.623,4.2,3.4,0.4,0.2,0.5,0.8,7.6,4.6,8.0,7.1,117.0,101.2
,Jaden McDaniels,Min,*,F,25.1,13,31.7,20.9,12.7,33,0.848,120,0.567,44,0.5,0.616,0.644,17.7,4.5,2.3,0.9,1.3,1.8,22.2,20.0,24.5,7.2,121.0,108.4
,Julius Randle,Min,*,F-C,31.0,13,33.6,27.7,13.9,90,0.867,147,0.605,64,0.391,0.6,0.66,25.5,7.4,6.2,1.3,0.2,2.6,32.8,31.6,39.0,12.5,131.2,110.1
,Rudy Gobert,Min,*,C,33.4,13,31.5,12.0,22.4,39,0.487,76,0.763,0,0.0,0.763,0.725,10.4,9.6,1.3,0.5,1.8,1.7,20.0,11.7,21.3,6.4,131.2,107.2
,Anthony Edwards,Min,*,G,24.3,9,30.3,34.2,11.4,63,0.857,97,0.526,73,0.411,0.565,0.622,27.3,4.6,3.7,1.1,0.7,2.4,31.9,31.0,35.6,10.2,120.7,114.1
,Donte DiVincenzo,Min,*,G,28.8,13,30.7,18.0,12.4,36,0.861,33,0.576,101,0.376,0.567,0.611,14.1,3.8,3.5,1.1,0.5,1.5,17.9,17.6,21.5,7.5,123.3,112.6
,Naz Reid,Min,*,C-F,26.2,13,24.3,21.1,12.1,19,0.632,61,0.541,69,0.348,0.531,0.542,11.5,5.6,2.2,1.0,0.9,1.4,17.2,13.7,19.3,8.6,109.3,104.6
,Terrence Shannon Jr.,Min,*,G-F,25.3,7,16.5,13.7,17.5,7,0.714,17,0.294,11,0.364,0.393,0.434,3.9,2.4,1.1,0.6,0.0,0.9,6.3,5.0,7.4,5.3,90.9,109.8
,Mike Conley,Min,*,G,38.1,13,20.5,12.2,18.5,15,1.0,19,0.316,38,0.474,0.579,0.637,6.2,2.0,3.5,0.6,0.2,1.0,8.2,9.8,11.8,6.9,129.9,112.9
,Jaylen Clark,Min,*,G,24.1,11,16.2,12.7,10.8,16,0.625,23,0.522,18,0.389,0.549,0.572,5.0,2.1,0.8,0.8,0.1,0.5,7.1,5.8,7.9,5.0,122.6,106.0
,Deni Avdija,Por,*,F,24.9,12,33.7,28.1,17.6,96,0.854,120,0.558,81,0.383,0.565,0.635,25.8,6.6,4.6,0.6,0.8,3.6,32.3,30.3,36.9,10.9,121.1,111.3
,Toumani Camara,Por,*,F,25.5,12,34.1,16.0,15.5,21,0.714,52,0.538,79,0.329,0.511,0.531,12.4,4.8,2.9,1.1,0.5,2.0,17.3,15.3,20.2,6.5,108.6,114.2
,Donovan Clingan,Por,*,C,21.7,12,24.9,13.3,9.5,14,0.929,51,0.667,34,0.176,0.506,0.543,8.3,8.8,1.1,0.8,1.3,0.8,17.1,9.3,18.2,6.9,129.5,109.4
,Shaedon Sharpe,Por,*,G,22.5,12,27.7,31.8,14.1,58,0.81,124,0.556,82,0.268,0.495,0.542,20.9,5.3,1.7,1.5,0.3,2.8,26.3,22.6,27.9,8.3,104.7,113.0
,Jrue Holiday,Por,*,G,35.4,12,33.4,21.0,17.4,25,0.84,81,0.531,85,0.365,0.539,0.565,16.7,5.3,8.2,1.6,0.3,2.9,21.9,24.8,30.1,10.8,118.5,115.8
,Jerami Grant,Por,*,F,31.7,12,26.9,22.6,13.2,74,0.851,73,0.548,58,0.397,0.569,0.648,17.7,2.8,2.3,1.0,0.4,1.7,20.5,20.0,22.8,7.2,128.3,110.8
,Yang Hansen,Por,*,C,20.4,5,5.8,19.9,24.3,6,0.833,6,0.333,3,0.0,0.222,0.387,1.8,0.8,0.0,0.0,0.4,0.6,2.6,1.8,2.6,0.0,80.3,112.6
,Blake Wesley,Por,*,G,22.7,6,16.4,18.4,17.0,10,0.6,24,0.5,10,0.2,0.441,0.469,6.0,2.3,3.2,1.7,0.2,1.2,8.3,9.2,11.5,8.6,103.7,104.0
,Kris Murray,Por,*,F,25.2,11,21.9,10.5,11.4,6,0.667,37,0.568,17,0.235,0.5,0.512,5.3,3.0,1.0,0.9,0.2,0.6,8.3,6.3,9.3,4.6,111.2,114.8
,Matisse Thybulle,Por,*,G-F,28.7,4,12.2,10.4,8.7,4,1.0,4,0.5,6,0.667,0.8,0.85,5.0,1.0,0.8,2.5,0.0,0.3,6.0,5.8,6.8,5.2,163.7,100.1
,Bones Hyland,Min,*,G,25.2,11,9.1,18.9,18.5,4,0.75,13,0.769,22,0.364,0.629,0.639,4.3,0.9,1.4,0.5,0.0,0.7,5.2,5.6,6.5,7.7,115.6,106.5
,Ousmane Dieng,Okc,*,F,22.5,11,11.8,14.1,14.5,4,1.0,19,0.421,16,0.188,0.357,0.394,2.6,1.9,0.5,0.1,0.5,0.5,4.5,3.2,5.1,4.6,83.2,103.1
,Branden Carlson,Okc,*,C,26.4,9,8.4,15.9,10.7,0,0.0,13,0.615,12,0.25,0.5,0.5,2.8,1.9,0.3,0.2,0.4,0.3,4.7,3.1,5.0,5.6,99.3,93.9
,Aaron Nesmith,Ind,*,G-F,26.1,11,30.4,20.8,5.1,39,0.795,64,0.359,83,0.373,0.473,0.518,15.5,4.5,1.5,0.8,0.3,0.7,19.9,17.0,21.5,6.2,111.9,115.5
,Pascal Siakam,Ind,*,F,31.6,12,35.0,29.2,11.1,96,0.656,171,0.485,61,0.361,0.5,0.538,24.6,7.1,5.1,1.2,0.3,2.4,31.7,29.7,36.8,11.0,110.7,111.9
,Isaiah Jackson,Ind,*,F,23.8,13,18.6,17.0,16.8,28,0.821,74,0.554,0,0.0,0.554,0.608,8.1,6.1,0.9,0.6,0.3,1.2,14.2,9.0,15.1,7.6,119.3,102.5
,Bennedict Mathurin,Ind,*,G-F,23.4,2,36.4,26.3,13.7,26,0.885,21,0.571,10,0.5,0.629,0.73,31.0,7.0,2.5,0.0,0.0,2.5,38.0,33.5,40.5,9.0,138.1,115.4
,Andrew Nembhard,Ind,*,G-F,25.8,6,28.0,26.1,12.6,31,0.968,46,0.457,37,0.324,0.47,0.559,18.0,1.8,6.5,0.3,0.2,2.0,19.8,24.5,26.3,8.5,117.6,116.4
,Obi Toppin,Ind,*,F,27.7,3,27.4,22.6,14.1,9,1.0,19,0.632,17,0.176,0.458,0.526,14.0,6.7,1.7,1.0,0.0,2.0,20.7,15.7,22.3,7.9,101.1,111.3
,Taelon Peter,Ind,*,G,23.7,9,9.7,15.4,24.7,3,1.0,2,0.5,22,0.227,0.354,0.395,2.2,1.6,1.3,0.2,0.2,0.9,3.8,3.6,5.1,6.8,83.0,117.7
,Ben Sheppard,Ind,*,G,24.3,13,25.1,14.0,8.4,13,0.769,44,0.409,54,0.241,0.383,0.41,6.5,4.5,1.6,0.5,0.2,0.7,11.1,8.2,12.7,5.7,92.7,112.0
,Jay Huff,Ind,*,C,28.2,13,14.9,17.1,10.5,13,0.692,22,0.591,46,0.261,0.456,0.482,5.5,3.1,0.8,0.1,1.8,0.6,8.5,6.2,9.3,6.4,102.2,108.9
,Jarace Walker,Ind,*,F,22.2,13,29.1,20.4,16.4,34,0.824,77,0.325,70,0.257,0.354,0.408,10.2,5.4,3.2,0.5,0.5,2.2,15.5,13.3,18.7,7.7,84.9,115.1
,Tony Bradley,Ind,*,C-F,27.9,13,14.3,13.3,7.4,17,0.647,49,0.653,1,0.0,0.64,0.652,5.8,3.3,0.8,0.2,0.2,0.3,9.1,6.5,9.8,6.9,140.2,107.8
,Johnny Furphy,Ind,*,G,20.9,3,12.2,9.9,33.3,0,0.0,3,0.333,3,0.667,0.667,0.667,2.7,2.0,0.0,0.7,0.0,1.0,4.7,2.7,4.7,0.0,83.7,109.6
,Cameron Johnson,Den,*,F,29.7,11,24.5,14.3,7.1,16,0.813,40,0.525,38,0.211,0.423,0.464,7.2,2.6,1.8,0.5,0.1,0.5,9.8,9.0,11.6,5.3,107.2,107.0
,Aaron Gordon,Den,*,F,30.2,11,30.2,22.4,11.2,54,0.889,78,0.577,57,0.474,0.633,0.69,19.9,5.9,1.5,0.9,0.3,1.5,25.8,21.5,27.4,7.4,132.6,108.6
,Nikola Jokic,Den,*,C,30.7,12,34.1,27.2,16.9,72,0.875,138,0.768,54,0.426,0.732,0.769,28.7,13.0,10.9,1.8,0.8,3.3,41.7,39.6,52.6,18.7,149.7,100.2
,Christian Braun,Den,*,G,24.6,11,29.6,16.1,12.6,29,0.793,69,0.609,28,0.214,0.526,0.569,11.4,4.4,3.0,0.8,0.3,1.3,15.7,14.4,18.7,7.2,121.6,108.5
,Jamal Murray,Den,*,G,28.7,11,34.0,26.9,11.9,45,0.933,119,0.529,73,0.342,0.523,0.574,22.1,5.1,6.3,1.4,0.3,2.4,27.2,28.4,33.5,10.5,118.8,110.5
,Tim Hardaway Jr.,Den,*,G-F,33.7,12,23.3,16.5,3.0,18,0.944,31,0.452,67,0.493,0.648,0.68,12.0,1.9,1.6,0.4,0.1,0.3,13.9,13.6,15.5,5.7,141.3,111.5
,Bruce Brown,Den,*,G-F,29.3,12,22.5,13.3,12.8,15,0.867,47,0.426,21,0.429,0.493,0.536,6.7,4.5,1.3,0.8,0.2,0.8,11.2,8.0,12.5,6.0,114.6,102.8
,Peyton Watson,Den,*,G,23.2,12,22.1,13.9,15.7,25,0.72,46,0.522,18,0.222,0.469,0.52,6.5,3.7,1.3,1.2,1.1,1.0,10.2,7.8,11.5,5.7,109.7,104.9
,Jonas Valanciunas,Den,*,C,33.5,12,12.6,27.5,14.2,31,0.71,66,0.576,6,0.333,0.569,0.607,8.7,4.9,1.3,0.1,0.8,1.0,13.6,9.9,14.8,12.1,123.5,95.4
,Spencer Jones,Den,*,F,24.4,8,9.0,9.3,34.9,4,0.75,4,0.75,5,0.4,0.667,0.697,1.9,0.3,0.5,0.8,0.1,0.6,2.1,2.4,2.6,2.9,106.0,97.8
,N'Faly Dante,Atl,*,C,24.1,4,3.9,14.9,18.4,1,1.0,4,0.25,0,0.0,0.25,0.338,0.8,1.8,0.0,0.5,0.0,0.3,2.5,0.8,2.5,0.0,0.0,0.0
,Vit Krejci,Atl,*,G,25.4,9,21.0,16.8,7.0,10,0.7,17,0.647,49,0.51,0.735,0.739,11.6,2.3,1.8,0.6,0.2,0.6,13.9,13.3,15.7,6.9,136.9,106.2
,Asa Newell,Atl,*,F,20.1,7,10.2,19.6,12.8,5,0.8,13,0.538,14,0.5,0.648,0.668,5.6,2.3,0.1,0.6,0.4,0.6,7.9,5.7,8.0,4.3,123.0,101.5
,Jett Howard,Orl,*,G,22.2,9,7.1,15.7,4.2,0,0.0,4,0.25,19,0.368,0.5,0.5,2.6,0.4,0.6,0.0,0.2,0.1,3.0,3.1,3.6,4.8,111.5,113.5
,Baylor Scheierman,Bos,*,G,25.1,9,9.1,8.6,6.1,1,1.0,2,1.0,13,0.538,0.833,0.842,2.9,2.1,0.2,0.3,0.0,0.1,5.0,3.1,5.2,4.7,163.3,106.0
,Hugo Gonzalez,Bos,*,G,19.8,11,12.4,11.6,16.2,1,0.0,21,0.429,10,0.5,0.532,0.525,3.0,2.0,0.6,0.8,0.2,0.5,5.0,3.6,5.6,4.9,106.5,100.8
,Jordan Walsh,Bos,*,G,21.7,9,15.5,11.2,5.5,2,0.5,18,0.5,16,0.438,0.574,0.573,4.4,4.0,0.8,0.8,0.6,0.2,8.4,5.2,9.2,6.2,131.4,101.3
,Amari Williams,Bos,*,F-C,23.8,2,3.5,12.3,0.0,0,0.0,2,0.5,0,0.0,0.5,0.5,1.0,1.0,0.5,0.5,0.0,0.0,2.0,1.5,2.5,9.1,0.0,0.0
,Josh Hart,Nyk,*,G,30.7,11,24.7,15.8,19.1,13,0.769,46,0.543,34,0.353,0.538,0.56,8.7,6.7,4.3,0.8,0.1,1.7,15.5,13.0,19.7,10.2,119.1,108.9
,Chaz Lanier,Det,*,G,23.9,9,10.9,13.4,3.2,3,1.0,4,0.5,26,0.308,0.467,0.495,3.4,1.1,1.0,0.2,0.0,0.1,4.6,4.4,5.6,5.7,122.7,116.5
,Daniss Jenkins,Det,*,G,24.2,8,19.5,20.8,14.6,10,0.7,44,0.432,20,0.55,0.555,0.57,9.8,2.0,3.6,1.5,0.0,1.4,11.8,13.4,15.4,8.5,117.1,108.5
,Keshad Johnson,Mia,*,F,24.4,4,5.5,24.1,7.7,0,0.0,6,0.333,6,0.167,0.292,0.292,1.8,1.5,0.0,0.5,0.0,0.3,3.3,1.8,3.3,0.0,61.5,104.0
,Jahmir Young,Mia,*,G,25.1,2,4.8,17.0,25.0,0,0.0,2,0.5,1,0.0,0.333,0.333,1.0,0.5,1.0,0.0,0.0,0.5,1.5,2.0,2.5,6.6,74.4,100.5
,PJ Hall,Mem,*,C,23.7,7,3.8,17.5,9.7,3,0.667,6,0.667,3,0.333,0.611,0.63,1.9,1.3,0.3,0.0,0.3,0.1,3.1,2.1,3.4,9.5,0.0,0.0
,GG Jackson,Mem,*,F,20.9,6,4.7,25.0,0.0,7,0.571,8,0.5,6,0.0,0.286,0.351,2.0,0.5,0.2,0.5,0.0,0.0,2.5,2.2,2.7,5.0,82.5,106.9
,Jose Alvarado,Nor,*,G,27.6,11,19.1,14.8,13.0,10,0.8,21,0.381,39,0.436,0.558,0.582,6.8,2.5,2.5,1.0,0.0,0.8,9.4,9.4,11.9,7.3,121.1,117.2
,Rob Dillingham,Min,*,G,20.9,11,11.2,23.4,22.1,11,0.727,39,0.436,10,0.3,0.439,0.474,4.6,1.1,2.2,0.6,0.0,1.3,5.7,6.8,7.9,8.0,94.4,109.9
,Joan Beringer,Min,*,F,19.0,8,3.7,13.6,22.2,1,0.0,7,0.857,0,0.0,0.857,0.806,1.5,1.0,0.0,0.1,0.1,0.3,2.5,1.5,2.5,0.0,0.0,0.0
,Joe Ingles,Min,*,F-G,38.1,4,4.0,5.3,0.0,0,0.0,0,0.0,2,0.0,0.0,0.0,0.0,0.0,1.3,0.0,0.0,0.0,0.0,1.3,1.3,0.0,110.7,112.6
,Leonard Miller,Min,*,F,22.0,7,3.9,23.7,22.6,5,0.6,7,0.857,3,0.0,0.6,0.615,2.1,1.1,0.1,0.1,0.0,0.4,3.3,2.3,3.4,6.3,0.0,0.0
,Johnny Juzang,Min,*,G,24.7,6,3.0,21.3,12.2,2,0.5,2,0.5,5,0.2,0.357,0.381,1.0,0.5,0.2,0.0,0.0,0.2,1.5,1.2,1.7,6.2,0.0,0.0
,Dalton Knecht,Lal,*,F,24.6,13,18.9,16.8,8.7,9,0.667,38,0.632,46,0.326,0.554,0.563,7.6,2.4,0.6,0.5,0.5,0.6,10.0,8.2,10.6,4.7,110.3,111.5
,Bronny James,Lal,*,G,21.1,9,11.9,12.8,15.9,2,1.0,16,0.313,10,0.2,0.308,0.335,2.0,1.0,1.8,0.9,0.1,0.6,3.0,3.8,4.8,5.2,91.0,107.7
,Christian Koloko,Lal,*,C,25.4,2,3.2,0.0,0.0,0,0.0,0,0.0,0,0.0,0.0,0.0,0.0,0.5,0.0,0.0,0.0,0.0,0.5,0.0,0.5,0.0,0.0,0.0
,Moses Moody,Gol,*,G,23.5,12,23.5,19.6,11.8,26,0.846,30,0.4,74,0.419,0.563,0.602,11.6,2.7,1.6,0.8,0.8,1.2,14.3,13.2,15.8,6.3,113.3,110.3
,Trayce Jackson-Davis,Gol,*,F,25.7,8,12.1,17.1,20.4,11,0.727,27,0.519,0,0.0,0.519,0.565,4.5,2.5,1.3,0.4,0.5,0.9,7.0,5.8,8.3,8.1,114.1,101.4
,Pat Spencer,Gol,*,G,29.4,8,11.8,21.7,9.2,12,0.917,27,0.333,12,0.333,0.385,0.463,5.1,1.6,1.8,0.6,0.1,0.5,6.8,6.9,8.5,8.3,107.1,108.3
,Rayan Rupert,Por,*,G-F,21.5,6,5.9,10.0,12.2,2,0.5,3,0.333,4,0.25,0.357,0.381,1.0,0.8,0.3,0.3,0.0,0.2,1.8,1.3,2.2,4.2,91.0,106.8
,Duop Reath,Por,*,C,29.4,9,7.8,13.0,4.3,0,0.0,2,0.5,20,0.6,0.864,0.864,4.2,0.7,0.4,0.0,0.1,0.1,4.9,4.7,5.3,5.4,165.0,115.5
,Isaac Jones,Sac,*,F,25.3,3,5.6,7.2,0.0,2,0.5,1,1.0,1,0.0,0.5,0.521,1.0,0.7,0.3,0.0,0.0,0.0,1.7,1.3,2.0,4.2,148.0,105.7
,Domantas Sabonis,Sac,*,F-C,29.5,10,32.9,22.6,16.0,47,0.723,112,0.563,19,0.211,0.527,0.567,17.2,12.2,3.6,1.0,0.2,2.5,29.4,20.8,33.0,11.1,113.9,108.6
,Rasheer Fleming,Pho,*,F,21.4,7,5.1,18.8,6.3,0,0.0,6,0.5,9,0.222,0.4,0.4,1.7,0.9,0.3,0.1,0.1,0.1,2.6,2.0,2.9,6.1,100.6,106.7
,Jordan Goodwin,Pho,*,G,27.1,10,16.2,17.7,16.8,7,0.714,23,0.391,31,0.387,0.5,0.517,5.9,3.4,2.0,1.2,0.1,1.1,9.3,7.9,11.3,8.5,111.5,105.8
,Khaman Maluach,Pho,*,C,19.2,7,5.0,18.7,40.4,8,0.875,4,0.75,3,0.0,0.429,0.618,1.9,0.9,0.1,0.0,0.6,0.7,2.7,2.0,2.9,4.4,91.8,94.8
,Julian Phillips,Chi,*,F,22.0,10,6.0,11.1,6.3,0,0.0,8,0.375,7,0.143,0.3,0.3,0.9,0.7,0.1,0.4,0.2,0.1,1.6,1.0,1.7,2.7,84.9,112.1
,Jase Richardson,Orl,*,G,20.1,7,4.2,12.5,36.5,2,0.5,2,0.5,3,0.0,0.2,0.255,0.4,0.1,0.9,0.0,0.0,0.4,0.6,1.3,1.4,3.1,68.2,116.9
,Jacob Toppin,Atl,*,F,25.5,3,3.1,18.3,0.0,0,0.0,4,0.75,0,0.0,0.75,0.75,2.0,0.7,0.0,0.0,0.0,0.0,2.7,2.0,2.7,0.0,0.0,0.0
,Caleb Houstan,Atl,*,G,22.9,5,6.4,16.3,26.2,3,1.0,2,0.5,6,0.5,0.688,0.751,2.8,0.6,0.4,0.2,0.2,0.6,3.4,3.2,3.8,5.5,123.6,108.3
,Mason Plumlee,Cha,*,F-C,35.7,6,5.1,7.9,47.4,4,0.5,2,1.0,0,0.0,1.0,0.798,1.0,0.8,0.3,0.0,0.0,0.3,1.8,1.3,2.2,4.9,112.8,121.0
,James Wiseman,Ind,*,C,24.6,1,19.9,12.2,50.0,0,0.0,3,0.667,0,0.0,0.667,0.667,4.0,4.0,0.0,0.0,1.0,3.0,8.0,4.0,8.0,0.0,85.3,117.4
,RayJ Dennis,Ind,*,G,24.6,11,14.7,22.0,16.6,9,0.889,33,0.303,37,0.324,0.4,0.433,5.8,1.7,2.3,0.3,0.4,1.3,7.5,8.1,9.8,7.7,91.7,114.7
,Isaiah Livers,Pho,*,F,27.3,7,10.7,9.2,6.5,3,1.0,2,1.0,12,0.25,0.464,0.522,2.3,1.3,0.6,0.3,0.4,0.1,3.6,2.9,4.1,4.5,126.9,113.1
,Jalen Pickett,Den,*,G,26.1,6,7.0,16.5,24.3,1,1.0,6,0.667,6,0.333,0.583,0.603,2.5,1.0,1.2,0.0,0.0,0.7,3.5,3.7,4.7,8.2,108.8,107.0
,Julian Strawther,Den,*,G,23.6,9,7.9,23.1,9.0,13,0.692,14,0.643,16,0.125,0.4,0.462,3.7,1.6,0.4,0.0,0.1,0.3,5.2,4.1,5.7,6.7,96.3,105.8
,Zeke Nnaji,Den,*,F-C,24.9,6,3.6,20.5,21.5,3,0.667,3,1.0,4,0.25,0.643,0.661,1.8,0.3,0.3,0.0,0.0,0.3,2.2,2.2,2.5,6.1,0.0,0.0
,DaRon Holmes II,Den,*,F,23.3,2,2.2,9.6,0.0,0,0.0,0,0.0,1,1.0,1.5,1.5,1.5,0.0,0.0,0.0,0.0,0.0,1.5,1.5,1.5,0.0,0.0,0.0
,Mark Sears,Mil,*,G,23.7,5,4.2,33.8,30.0,8,0.75,4,0.5,5,0.6,0.722,0.759,3.8,0.2,0.2,0.0,0.0,0.8,4.0,4.0,4.2,5.1,112.7,113.7
,De'Andre Hunter,Cle,*,F-G,28.0,11,29.1,24.4,10.4,49,0.837,79,0.595,75,0.28,0.51,0.564,18.0,4.7,3.1,0.7,0.3,1.6,22.7,21.1,25.8,8.8,114.2,109.5
,Liam McNeeley,Cha,*,F,20.1,9,12.5,15.0,14.5,15,0.867,11,0.273,18,0.333,0.414,0.52,4.1,1.9,1.2,0.2,0.1,0.6,6.0,5.3,7.2,6.7,115.0,110.4
,Pat Connaughton,Cha,*,G,32.9,9,9.5,15.2,10.3,5,0.6,10,0.6,16,0.375,0.577,0.585,3.7,2.0,0.7,0.4,0.1,0.3,5.7,4.3,6.3,7.3,119.2,115.5
,Quenton Jackson,Ind,*,G,27.2,5,20.1,20.5,13.9,18,0.722,25,0.56,12,0.5,0.622,0.657,11.8,3.4,3.6,1.0,0.2,1.2,15.2,15.4,18.8,10.4,130.7,111.4
,Collin Murray-Boyles,Tor,*,F,20.4,10,20.4,17.4,14.4,19,0.737,47,0.511,18,0.5,0.577,0.607,8.9,3.7,1.2,0.8,0.5,1.1,12.6,10.1,13.8,6.7,120.5,107.1
,Miles Kelly,Dal,*,G,22.8,1,2.2,19.0,100.0,0,0.0,0,0.0,0,0.0,0.0,0.0,0.0,0.0,0.0,0.0,0.0,1.0,0.0,0.0,0.0,0.0,0.0,0.0
,Bogdan Bogdanovic,Lac,*,G,33.2,6,24.7,18.1,17.4,8,0.875,17,0.412,30,0.4,0.532,0.564,9.5,3.2,3.2,1.0,0.2,1.7,12.7,12.7,15.8,7.4,109.5,111.4
,Chris Manon,Lal,*,G,23.9,2,3.5,6.2,0.0,0,0.0,0,0.0,1,0.0,0.0,0.0,0.0,1.0,0.0,0.0,0.5,0.0,1.0,0.0,1.0,0.0,0.0,0.0
,Devin Carter,Sac,*,G,23.7,8,8.1,19.0,21.9,5,1.0,10,0.3,11,0.182,0.286,0.366,2.1,1.5,1.1,0.8,0.1,0.8,3.6,3.3,4.8,7.5,81.0,108.6
,Luke Travers,Cle,*,F,24.2,6,7.8,16.8,5.7,6,1.0,10,0.2,6,0.0,0.125,0.268,1.7,1.8,0.7,0.5,0.7,0.2,3.5,2.3,4.2,6.6,83.8,111.8
,Thomas Bryant,Cle,*,C-F,28.3,8,6.7,18.3,4.3,3,0.0,12,0.833,10,0.0,0.455,0.429,2.5,1.9,0.1,0.4,0.4,0.1,4.4,2.6,4.5,4.7,96.5,103.6
,Colby Jones,Det,*,G,23.5,1,6.8,18.0,0.0,0,0.0,1,1.0,2,0.0,0.333,0.333,2.0,4.0,2.0,0.0,0.0,0.0,6.0,4.0,8.0,14.8,105.2,85.5
,Bobi Klintman,Det,*,F,22.7,6,8.8,21.0,19.2,3,0.0,10,0.4,11,0.273,0.405,0.381,2.8,2.7,0.7,0.3,0.0,0.8,5.5,3.5,6.2,7.9,81.1,94.4
,Tolu Smith,Det,*,F,25.3,2,11.2,22.1,10.7,7,0.714,8,0.75,0,0.0,0.75,0.767,8.5,5.5,1.0,0.5,0.5,0.5,14.0,9.5,15.0,12.9,155.2,99.1
,Noah Penda,Orl,*,G-F,20.9,7,6.7,14.2,20.9,4,0.75,9,0.444,2,1.0,0.636,0.666,2.4,1.9,0.9,0.1,0.3,0.4,4.3,3.3,5.1,9.6,134.0,102.7
,Eric Gordon,Phi,*,G,36.9,3,7.1,13.6,28.6,0,0.0,1,1.0,4,0.5,0.8,0.8,2.7,0.0,0.3,0.3,0.0,0.7,2.7,3.0,3.0,0.0,105.8,112.9
,Hunter Sallis,Phi,*,G,22.6,3,2.2,18.9,66.7,0,0.0,1,1.0,0,0.0,1.0,1.0,0.7,0.3,0.3,0.0,0.0,0.7,1.0,1.0,1.3,7.2,0.0,0.0
,Tyson Etienne,Bro,*,G,20.0,4,5.8,14.6,0.0,0,0.0,1,0.0,7,0.143,0.188,0.188,0.8,0.0,0.0,0.0,0.0,0.0,0.8,0.8,0.8,0.0,44.0,120.5
,E.J. Liddell,Bro,*,F,24.9,4,5.6,19.5,0.0,3,0.667,3,0.667,6,0.333,0.556,0.581,3.0,1.8,0.0,0.0,0.0,0.0,4.8,3.0,4.8,0.0,123.3,111.1
,JD Davison,Hou,*,G,23.1,5,4.7,15.4,0.0,2,0.0,2,0.5,6,0.5,0.688,0.619,2.2,0.0,0.4,0.2,0.2,0.0,2.2,2.6,2.6,0.0,139.6,112.6
,Aaron Holiday,Hou,*,G,29.1,6,7.2,21.0,25.8,7,0.857,5,0.8,9,0.333,0.607,0.673,3.8,0.5,1.2,0.2,0.2,0.8,4.3,5.0,5.5,7.3,120.8,108.0
,Jae'Sean Tate,Hou,*,F,30.1,7,5.6,12.6,8.3,0,0.0,8,0.5,3,0.0,0.364,0.364,1.1,0.9,0.1,0.1,0.0,0.1,2.0,1.3,2.1,3.3,86.9,102.1
,Jeff Green,Hou,*,F,39.2,5,4.2,11.7,0.0,0,0.0,0,0.0,6,0.667,1.0,1.0,2.4,0.4,0.0,0.0,0.2,0.0,2.8,2.4,2.8,0.0,201.1,112.2
,Ron Harper Jr.,Bos,*,G-F,25.6,3,5.2,19.2,0.0,0,0.0,1,1.0,6,0.333,0.571,0.571,2.7,1.0,1.0,0.0,0.3,0.0,3.7,3.7,4.7,10.7,142.9,105.4
,DeAndre Jordan,Nor,*,C,37.3,2,11.7,12.5,16.1,2,0.5,5,0.8,0,0.0,0.8,0.765,4.5,5.0,0.0,0.0,0.0,0.5,9.5,4.5,9.5,0.0,142.5,119.7
,Micah Peavy,Nor,*,G-F,24.3,8,11.2,12.2,7.9,2,0.5,14,0.357,9,0.111,0.283,0.293,1.8,2.3,0.6,0.1,0.1,0.3,4.0,2.4,4.6,4.8,87.9,112.6
,Karlo Matkovic,Nor,*,F-C,24.6,10,9.5,15.8,9.3,8,0.375,24,0.75,5,0.4,0.724,0.692,4.5,2.5,0.5,0.0,0.5,0.3,7.0,5.0,7.5,7.5,132.7,114.4
,Bryce McGowens,Nor,*,G,23.0,4,4.5,16.0,18.4,4,1.0,3,0.333,1,0.0,0.25,0.521,1.5,0.0,0.8,0.3,0.0,0.3,1.5,2.3,2.3,0.0,115.1,123.3
,Ja'Kobe Walter,Tor,*,G,21.2,10,12.0,14.8,20.3,7,0.857,9,0.444,22,0.273,0.419,0.469,3.2,1.3,0.6,0.7,0.1,0.8,4.5,3.8,5.1,4.5,92.0,103.9
,Hunter Tyson,Den,*,F,25.4,5,3.5,17.0,0.0,0,0.0,3,0.0,4,0.0,0.0,0.0,0.0,2.0,0.0,0.2,0.0,0.0,2.0,0.0,2.0,0.0,0.0,0.0
,Caleb Love,Por,*,G,24.1,4,7.7,26.0,5.0,0,0.0,8,0.375,11,0.273,0.395,0.395,3.8,2.0,1.5,0.0,0.0,0.3,5.8,5.3,7.3,11.7,100.4,117.5
,Sidy Cissoko,Por,*,G,21.6,7,11.0,8.4,7.0,5,0.6,9,0.667,4,0.25,0.577,0.592,2.6,1.6,0.7,0.3,0.0,0.1,4.1,3.3,4.9,5.2,137.5,106.5
,Nick Smith Jr.,Lal,*,G,21.6,6,15.0,23.2,21.1,3,0.667,19,0.421,18,0.444,0.541,0.548,7.0,1.0,2.2,0.7,0.2,1.7,8.0,9.2,10.2,6.6,96.1,115.0
,Trendon Watford,Phi,*,G-F,25.0,9,21.6,17.2,18.0,19,0.737,47,0.553,12,0.417,0.568,0.601,9.0,4.8,3.7,0.3,0.2,1.4,13.8,12.7,17.4,10.1,123.5,106.7
,Jamir Watkins,Was,*,F,24.4,3,7.0,9.8,20.0,0,0.0,3,1.0,1,0.0,0.75,0.75,2.0,2.0,0.0,0.0,0.3,0.3,4.0,2.0,4.0,0.0,117.7,105.5
,Myron Gardner,Mia,*,F,24.5,1,2.7,15.1,0.0,0,0.0,0,0.0,1,1.0,1.5,1.5,3.0,1.0,1.0,0.0,0.0,0.0,4.0,4.0,5.0,21.4,0.0,0.0
,Mohamed Diawara,Nyk,*,F,20.6,6,2.5,16.1,20.0,2,0.0,3,0.667,1,1.0,0.875,0.717,1.2,0.2,0.2,0.0,0.0,0.2,1.3,1.3,1.5,5.8,0.0,0.0
,Jahmyl Telfort,Lac,*,G,24.5,3,5.3,13.2,32.2,4,0.25,0,0.0,2,0.0,0.0,0.133,0.3,0.7,0.3,0.0,0.0,0.3,1.0,0.7,1.3,3.0,36.1,111.4
,Elijah Harkless,Uta,*,G,25.8,6,10.5,10.4,21.0,5,0.6,4,0.5,7,0.286,0.455,0.492,2.2,1.0,0.7,0.5,0.0,0.5,3.2,2.8,3.8,4.4,99.3,106.4
,Mac McClung,Ind,*,G,26.9,3,11.3,25.9,9.8,4,0.75,8,0.625,10,0.2,0.444,0.481,6.3,1.3,0.3,1.7,0.3,0.7,7.7,6.7,8.0,4.8,91.7,97.0
,Orlando Robinson,Orl,*,C,25.4,1,1.9,0.0,0.0,0,0.0,0,0.0,0,0.0,0.0,0.0,0.0,0.0,0.0,0.0,0.0,0.0,0.0,0.0,0.0,0.0,0.0,0.0
,Bilal Coulibaly,Was,*,G,21.3,4,23.8,23.3,20.7,13,0.692,21,0.429,17,0.294,0.434,0.48,10.5,4.8,3.3,1.0,1.0,2.5,15.3,13.8,18.5,9.2,94.2,115.8
,Isaiah Joe,Okc,*,G,26.4,9,25.8,21.1,9.7,26,0.885,19,0.526,74,0.405,0.591,0.637,14.8,3.3,1.3,0.8,0.1,1.1,18.1,16.1,19.4,6.2,122.1,102.6
,Mitchell Robinson,Nyk,*,C-F,27.6,6,16.2,9.9,17.4,1,0.0,19,0.579,0,0.0,0.579,0.566,3.7,8.7,1.0,0.5,1.2,0.7,12.3,4.7,13.3,7.9,151.9,98.6
,Vince Williams Jr.,Mem,*,G,25.2,9,19.3,19.6,23.6,14,0.857,19,0.474,39,0.359,0.517,0.561,8.0,4.2,2.8,0.8,0.2,2.0,12.2,10.8,15.0,9.4,100.2,107.5
,Kyle Anderson,Uta,*,F-G,32.2,3,16.3,19.1,14.8,7,0.714,17,0.471,0,0.0,0.471,0.523,7.0,2.3,3.0,0.3,0.0,1.0,9.3,10.0,12.3,8.9,116.0,111.3
,Robert Williams III,Por,*,C-F,28.1,7,11.9,11.2,8.7,1,0.0,18,0.667,3,0.333,0.643,0.63,3.9,3.7,0.7,0.4,0.6,0.3,7.6,4.6,8.3,7.3,141.7,112.5
,Daniel Gafford,Dal,*,F-C,27.1,8,21.9,15.6,17.1,17,0.824,48,0.646,0,0.0,0.646,0.685,9.5,5.9,1.0,0.9,1.5,1.3,15.4,10.5,16.4,7.0,127.3,101.7
,Jeremiah Robinson-Earl,Ind,*,F,25.0,8,20.8,13.3,11.7,9,0.889,30,0.467,15,0.2,0.411,0.46,5.6,6.4,0.9,0.6,0.0,0.8,12.0,6.5,12.9,6.1,107.7,116.0
,Kevon Looney,Nor,*,F,29.8,7,14.1,13.1,17.7,6,0.5,17,0.412,6,0.167,0.37,0.39,2.9,3.9,1.6,0.3,0.6,0.7,6.7,4.4,8.3,7.4,102.9,111.1
,Johni Broome,Phi,*,F,23.3,2,2.9,35.8,0.0,0,0.0,4,0.5,1,0.0,0.4,0.4,2.0,1.0,0.5,0.0,0.0,0.0,3.0,2.5,3.5,13.8,0.0,0.0
,Kyle Lowry,Phi,*,G,39.6,1,3.2,13.0,0.0,0,0.0,0,0.0,1,1.0,1.5,1.5,3.0,0.0,1.0,1.0,0.0,0.0,3.0,4.0,4.0,0.0,0.0,0.0
,Kevin Love,Uta,*,F-C,37.2,6,13.4,14.2,28.7,10,0.8,2,1.0,15,0.267,0.471,0.561,4.0,3.7,2.7,0.0,0.2,1.2,7.7,6.7,10.3,10.2,114.3,110.8
,KJ Simpson,Cha,*,G,23.3,6,15.0,22.6,21.1,4,0.75,23,0.348,14,0.357,0.419,0.439,5.7,2.3,3.0,0.7,0.0,1.7,8.0,8.7,11.0,9.1,93.5,112.4
,Jevon Carter,Chi,*,G,30.2,3,12.6,10.9,10.6,2,1.0,1,0.0,7,0.714,0.938,0.957,5.7,1.0,2.0,0.7,0.0,0.3,6.7,7.7,8.7,7.1,178.6,118.5
,Pacome Dadiet,Nyk,*,F,20.3,5,2.9,14.0,0.0,2,1.0,3,0.333,1,0.0,0.25,0.41,0.8,0.6,0.4,0.0,0.0,0.0,1.4,1.2,1.8,8.0,0.0,0.0
,Koby Brea,Pho,*,G,23.0,1,4.1,29.5,0.0,2,1.0,1,1.0,1,0.0,0.5,0.694,4.0,0.0,1.0,0.0,0.0,0.0,4.0,5.0,5.0,0.0,163.4,126.1
,Danny Wolf,Bro,*,F,21.5,2,2.9,14.0,0.0,2,1.0,1,0.0,0,0.0,0.0,0.532,1.0,1.0,1.0,0.0,0.0,0.0,2.0,2.0,3.0,13.8,0.0,0.0
,Malaki Branham,Was,*,F,22.5,5,6.9,18.5,8.1,8,0.75,6,0.833,5,0.2,0.591,0.654,3.8,1.6,0.6,0.0,0.0,0.2,5.4,4.4,6.0,8.9,139.5,123.7
,Charles Bassey,Mem,*,C-F,25.1,2,15.3,14.0,10.9,3,0.333,8,0.375,0,0.0,0.375,0.376,3.5,7.5,1.0,0.5,0.5,0.5,11.0,4.5,12.0,7.8,110.8,99.3
,Jared McCain,Phi,*,G,21.7,3,10.3,13.5,10.0,0,0.0,7,0.0,2,0.0,0.0,0.0,0.0,0.7,1.3,0.3,0.0,0.3,0.7,1.3,2.0,0.0,28.4,107.7
,Darius Garland,Cle,*,G,25.8,3,24.5,24.5,12.1,8,1.0,17,0.294,19,0.368,0.431,0.493,13.0,3.0,5.0,1.0,0.0,1.7,16.0,18.0,21.0,9.5,110.7,111.2
,Nae'Qwan Tomlin,Cle,*,F,24.9,5,12.8,19.2,3.8,10,0.9,18,0.722,7,0.0,0.52,0.595,7.0,3.6,0.6,1.2,0.8,0.2,10.6,7.6,11.2,7.7,139.4,92.6
,Cody Martin,Ind,*,F,30.1,4,13.8,12.2,28.1,6,0.5,5,0.4,5,0.0,0.2,0.277,1.8,3.5,0.5,1.0,0.5,1.0,5.3,2.3,5.8,4.2,54.4,107.7
,Kelly Olynyk,San,*,F-C,34.6,3,6.3,9.0,25.0,0,0.0,3,1.0,0,0.0,1.0,1.0,2.0,1.7,1.7,0.0,0.0,0.3,3.7,3.7,5.3,11.4,179.1,101.6
,Jeremy Sochan,San,*,F,22.5,6,14.6,15.8,20.5,8,0.75,16,0.688,7,0.429,0.674,0.698,6.2,2.3,1.3,0.5,0.3,1.0,8.5,7.5,9.8,7.3,124.1,96.2
,Lindy Waters III,San,*,F,28.3,5,8.2,10.4,0.0,0,0.0,0,0.0,10,0.5,0.75,0.75,3.0,0.8,0.6,0.0,0.0,0.0,3.8,3.6,4.4,5.5,160.2,108.7
,Precious Achiuwa,Sac,*,F,26.2,6,18.8,13.7,9.3,11,0.545,23,0.739,6,0.0,0.586,0.591,6.7,4.7,0.8,0.8,0.5,0.5,11.3,7.5,12.2,6.2,124.8,117.5
,Jalen Green,Pho,*,G,23.8,2,14.9,38.3,7.9,5,0.6,9,0.556,14,0.429,0.609,0.615,15.5,2.0,2.0,1.0,0.0,1.0,17.5,17.5,19.5,10.6,121.2,112.5
,Isaiah Collier,Uta,*,G,21.1,4,23.6,16.6,27.0,13,0.692,19,0.632,5,0.4,0.625,0.656,9.8,3.5,7.0,0.0,0.5,2.3,13.3,16.8,20.3,10.5,124.5,108.8
,Maxi Kleber,Lal,*,F,33.8,3,15.9,4.4,0.0,2,0.5,1,0.0,3,0.667,0.75,0.717,2.3,2.3,1.3,0.3,0.7,0.0,4.7,3.7,6.0,4.8,174.4,106.4
,De'Aaron Fox,San,*,G,27.9,4,34.0,27.0,21.8,11,0.909,40,0.6,24,0.333,0.563,0.596,20.5,4.0,5.8,1.0,0.3,4.5,24.5,26.3,30.3,9.2,109.2,108.9
,Monte Morris,Ind,*,G,30.4,5,12.5,14.1,4.9,4,0.5,11,0.364,8,0.25,0.368,0.385,3.2,1.4,1.8,0.2,0.2,0.2,4.6,5.0,6.4,6.4,98.1,119.6
,T.J. McConnell,Ind,*,G,33.6,3,14.3,29.6,0.0,1,1.0,25,0.44,6,0.167,0.403,0.413,8.7,1.0,2.3,0.7,0.0,0.0,9.7,11.0,12.0,7.6,99.2,116.9
,Pete Nance,Mil,*,F,25.7,1,4.3,50.4,0.0,0,0.0,2,1.0,3,0.667,1.0,1.0,10.0,1.0,0.0,0.0,0.0,0.0,11.0,10.0,11.0,0.0,246.0,121.6
,Wendell Moore Jr.,Det,*,G,24.2,2,14.1,5.8,0.0,0,0.0,3,1.0,1,0.0,0.75,0.75,3.0,1.0,1.5,0.5,0.5,0.0,4.0,4.5,5.5,4.7,173.1,115.6
,Daeqwon Plowden,Sac,*,G-F,27.2,1,14.0,15.0,0.0,0,0.0,2,0.5,3,0.0,0.2,0.2,2.0,2.0,0.0,0.0,0.0,0.0,4.0,2.0,4.0,0.0,72.1,131.2
,Doug McDermott,Sac,*,F,33.9,1,7.8,21.5,25.0,0,0.0,0,0.0,3,0.667,1.0,1.0,6.0,0.0,0.0,0.0,0.0,1.0,6.0,6.0,6.0,0.0,109.6,117.4
,Jordan Miller,Lac,*,G,25.8,2,18.9,20.7,13.0,6,0.833,5,0.4,8,0.625,0.731,0.767,12.0,3.0,0.5,0.5,0.0,1.0,15.0,12.5,15.5,5.5,138.5,119.0
,Garrett Temple,Tor,*,G-F,39.5,2,3.1,6.9,0.0,0,0.0,0,0.0,1,0.0,0.0,0.0,0.0,0.0,0.0,0.0,0.5,0.0,0.0,0.0,0.0,0.0,0.0,0.0
,Jamal Cain,Orl,*,F,26.7,1,0.5,0.0,0.0,0,0.0,0,0.0,0,0.0,0.0,0.0,0.0,0.0,0.0,0.0,0.0,0.0,0.0,0.0,0.0,0.0,0.0,0.0
,Antonio Reeves,Cha,*,G,23.0,2,10.6,11.8,0.0,0,0.0,1,0.0,5,0.6,0.75,0.75,4.5,1.0,0.0,0.0,0.0,0.0,5.5,4.5,5.5,0.0,153.1,121.5
,Zach Edey,Mem,*,C,23.5,1,24.7,20.0,12.0,9,0.778,6,0.5,1,0.0,0.429,0.593,13.0,7.0,0.0,2.0,2.0,1.0,20.0,13.0,20.0,0.0,122.5,98.4
,Adou Thiero,Lal,*,G,21.5,1,4.7,17.2,0.0,2,1.0,1,1.0,0,0.0,1.0,1.064,4.0,1.0,0.0,0.0,0.0,0.0,5.0,4.0,5.0,0.0,237.0,124.3
